[
  { "area": "Hyderabad", "city": "Hyderabad", "state": "Telangana", "lat": 17.385044, "lon": 78.486671 },
  { "area": "Ameerpet", "city": "Hyderabad", "state": "Telangana", "lat": 17.4375, "lon": 78.4483 },
  { "area": "Madhapur", "city": "Hyderabad", "state": "Telangana", "lat": 17.4483, "lon": 78.3915 },
  { "area": "Gachibowli", "city": "Hyderabad", "state": "Telangana", "lat": 17.4435, "lon": 78.3498 },
  { "area": "Kukatpally", "city": "Hyderabad", "state": "Telangana", "lat": 17.4948, "lon": 78.3992 },
  { "area": "Banjara Hills", "city": "Hyderabad", "state": "Telangana", "lat": 17.4165, "lon": 78.4378 },
  { "area": "Jubilee Hills", "city": "Hyderabad", "state": "Telangana", "lat": 17.4239, "lon": 78.4111 },
  { "area": "Dilsukhnagar", "city": "Hyderabad", "state": "Telangana", "lat": 17.3686, "lon": 78.5247 },
  { "area": "Secunderabad", "city": "Secunderabad", "state": "Telangana", "lat": 17.4399, "lon": 78.4983 },
  { "area": "Manikonda", "city": "Hyderabad", "state": "Telangana", "lat": 17.4065, "lon": 78.3827 },
  { "area": "LB Nagar", "city": "Hyderabad", "state": "Telangana", "lat": 17.3501, "lon": 78.5264 },
  { "area": "Somajiguda", "city": "Hyderabad", "state": "Telangana", "lat": 17.4260, "lon": 78.4591 },
  { "area": "HITEC City", "city": "Hyderabad", "state": "Telangana", "lat": 17.4504, "lon": 78.3801 },
  { "area": "Kondapur", "city": "Hyderabad", "state": "Telangana", "lat": 17.4700, "lon": 78.3570 },
  { "area": "Kokapet", "city": "Hyderabad", "state": "Telangana", "lat": 17.3902, "lon": 78.3612 },
  { "area": "Financial District", "city": "Hyderabad", "state": "Telangana", "lat": 17.4126, "lon": 78.3446 },
  { "area": "Abids", "city": "Hyderabad", "state": "Telangana", "lat": 17.3949, "lon": 78.4738 },
  { "area": "Begumpet", "city": "Hyderabad", "state": "Telangana", "lat": 17.4445, "lon": 78.4607 },
  { "area": "KothaGuda", "city": "Hyderabad", "state": "Telangana", "lat": 17.4697, "lon": 78.3732 },
  { "area": "Sanathnagar", "city": "Hyderabad", "state": "Telangana", "lat": 17.4537, "lon": 78.4482 },
  { "area": "Khairatabad", "city": "Hyderabad", "state": "Telangana", "lat": 17.4222, "lon": 78.4600 },
  { "area": "Musheerabad", "city": "Hyderabad", "state": "Telangana", "lat": 17.4062, "lon": 78.4867 },
  { "area": "Amberpet", "city": "Hyderabad", "state": "Telangana", "lat": 17.3986, "lon": 78.5261 },
  { "area": "Nampally", "city": "Hyderabad", "state": "Telangana", "lat": 17.3883, "lon": 78.4676 },
  { "area": "Chilkalguda", "city": "Secunderabad", "state": "Telangana", "lat": 17.4272, "lon": 78.5017 },
  { "area": "Kavadiguda", "city": "Secunderabad", "state": "Telangana", "lat": 17.4262, "lon": 78.4887 },
  { "area": "MG Road (James Street)", "city": "Secunderabad", "state": "Telangana", "lat": 17.4371, "lon": 78.4952 },
  { "area": "Minister Road", "city": "Secunderabad", "state": "Telangana", "lat": 17.4392, "lon": 78.4882 },
  { "area": "Mylargadda", "city": "Secunderabad", "state": "Telangana", "lat": 17.4292, "lon": 78.5012 },
  { "area": "Padmarao Nagar", "city": "Secunderabad", "state": "Telangana", "lat": 17.4267, "lon": 78.5011 },
  { "area": "Pan Bazar", "city": "Secunderabad", "state": "Telangana", "lat": 17.4377, "lon": 78.4957 },
  { "area": "Paradise Circle", "city": "Secunderabad", "state": "Telangana", "lat": 17.4422, "lon": 78.4867 },
  { "area": "Parsigutta", "city": "Secunderabad", "state": "Telangana", "lat": 17.4197, "lon": 78.4952 },
  { "area": "Patny", "city": "Secunderabad", "state": "Telangana", "lat": 17.4412, "lon": 78.4922 },
  { "area": "Rani Gunj", "city": "Secunderabad", "state": "Telangana", "lat": 17.4367, "lon": 78.4958 },
  { "area": "RP Road", "city": "Secunderabad", "state": "Telangana", "lat": 17.4396, "lon": 78.4951 },
  { "area": "Sindhi Colony", "city": "Secunderabad", "state": "Telangana", "lat": 17.4402, "lon": 78.4886 },
  { "area": "Sitaphalmandi", "city": "Secunderabad", "state": "Telangana", "lat": 17.4132, "lon": 78.5011 },
  { "area": "Tarnaka", "city": "Secunderabad", "state": "Telangana", "lat": 17.4192, "lon": 78.5322 },
  { "area": "Warsiguda", "city": "Secunderabad", "state": "Telangana", "lat": 17.4197, "lon": 78.5132 },
  { "area": "Bowenpally", "city": "Secunderabad Cantonment", "state": "Telangana", "lat": 17.4732, "lon": 78.4867 },
  { "area": "Karkhana", "city": "Secunderabad Cantonment", "state": "Telangana", "lat": 17.4567, "lon": 78.4982 },
  { "area": "Marredpally", "city": "Secunderabad Cantonment", "state": "Telangana", "lat": 17.4442, "lon": 78.4987 },
  { "area": "Sikh Village", "city": "Secunderabad Cantonment", "state": "Telangana", "lat": 17.4642, "lon": 78.4867 },
  { "area": "Trimulgherry", "city": "Secunderabad Cantonment", "state": "Telangana", "lat": 17.4802, "lon": 78.4982 },
  { "area": "Vikarabad", "city": "Vikarabad", "state": "Telangana", "lat": 17.3381, "lon": 77.9041 },
  { "area": "Warangal", "city": "Warangal", "state": "Telangana", "lat": 17.9784, "lon": 79.6006 },
  { "area": "Hanamkonda", "city": "Warangal", "state": "Telangana", "lat": 18.0076, "lon": 79.5603 },
  { "area": "Karimnagar", "city": "Karimnagar", "state": "Telangana", "lat": 18.4386, "lon": 79.1288 },
  { "area": "Khammam", "city": "Khammam", "state": "Telangana", "lat": 17.2473, "lon": 80.1514 },
  { "area": "Nizamabad", "city": "Nizamabad", "state": "Telangana", "lat": 18.6725, "lon": 78.0941 },
  { "area": "Adilabad", "city": "Adilabad", "state": "Telangana", "lat": 19.6669, "lon": 78.5320 },
  { "area": "Mahbubnagar", "city": "Mahbubnagar", "state": "Telangana", "lat": 16.7487, "lon": 78.0035 },
  { "area": "Suryapet", "city": "Suryapet", "state": "Telangana", "lat": 17.1312, "lon": 79.6332 },
  { "area": "Miryalaguda", "city": "Miryalaguda", "state": "Telangana", "lat": 16.8722, "lon": 79.5625 },
  { "area": "Siddipet", "city": "Siddipet", "state": "Telangana", "lat": 18.1018, "lon": 78.8520 },
  { "area": "Jagtial", "city": "Jagtial", "state": "Telangana", "lat": 18.7941, "lon": 78.9189 },
  { "area": "Zaheerabad", "city": "Zaheerabad", "state": "Telangana", "lat": 17.6777, "lon": 77.6077 },
  { "area": "Bodhan", "city": "Bodhan", "state": "Telangana", "lat": 18.6626, "lon": 77.8853 },
  { "area": "Mancherial", "city": "Mancherial", "state": "Telangana", "lat": 18.8708, "lon": 79.4362 },
  { "area": "Nalgonda", "city": "Nalgonda", "state": "Telangana", "lat": 17.0575, "lon": 79.2686 },
  { "area": "Medak", "city": "Medak", "state": "Telangana", "lat": 18.0453, "lon": 78.2607 },
  { "area": "Wanaparthy", "city": "Wanaparthy", "state": "Telangana", "lat": 16.3686, "lon": 78.0622 },
  { "area": "Nagarkurnool", "city": "Nagarkurnool", "state": "Telangana", "lat": 16.4833, "lon": 78.3250 },
  { "area": "Kamareddy", "city": "Kamareddy", "state": "Telangana", "lat": 18.3206, "lon": 78.3411 },
  { "area": "Sangareddy", "city": "Sangareddy", "state": "Telangana", "lat": 17.6296, "lon": 78.0867 },
  { "area": "Bhainsa", "city": "Bhainsa", "state": "Telangana", "lat": 19.1081, "lon": 77.9639 },
  { "area": "Narayanpet", "city": "Narayanpet", "state": "Telangana", "lat": 16.7482, "lon": 77.4986 },
  { "area": "Kothagudem", "city": "Kothagudem", "state": "Telangana", "lat": 17.5535, "lon": 80.6195 },
  { "area": "Sircilla", "city": "Sircilla", "state": "Telangana", "lat": 18.3886, "lon": 78.8105 },
  { "area": "Jangaon", "city": "Jangaon", "state": "Telangana", "lat": 17.7250, "lon": 79.1522 },
  { "area": "Bhongir", "city": "Bhongir", "state": "Telangana", "lat": 17.5151, "lon": 78.8856 },
  { "area": "Huzurabad", "city": "Huzurabad", "state": "Telangana", "lat": 18.0642, "lon": 79.4042 },
  { "area": "Korutla", "city": "Korutla", "state": "Telangana", "lat": 18.8216, "lon": 78.7116 },
  { "area": "Prakash Nagar", "city": "Hyderabad", "state": "Telangana", "lat": 17.4446, "lon": 78.4602 },
  { "area": "Punjagutta", "city": "Hyderabad", "state": "Telangana", "lat": 17.4322, "lon": 78.4487 },
  { "area": "Balkampet", "city": "Hyderabad", "state": "Telangana", "lat": 17.4432, "lon": 78.4482 },
  { "area": "Madhura Nagar", "city": "Hyderabad", "state": "Telangana", "lat": 17.4382, "lon": 78.4402 },
  { "area": "Rasoolpura", "city": "Hyderabad", "state": "Telangana", "lat": 17.4442, "lon": 78.4712 },
  { "area": "Bharat Nagar", "city": "Hyderabad", "state": "Telangana", "lat": 17.4632, "lon": 78.4482 },
  { "area": "Erragadda", "city": "Hyderabad", "state": "Telangana", "lat": 17.4482, "lon": 78.4482 },
  { "area": "Borabanda", "city": "Hyderabad", "state": "Telangana", "lat": 17.4632, "lon": 78.4132 },
  { "area": "Moti Nagar", "city": "Hyderabad", "state": "Telangana", "lat": 17.4482, "lon": 78.4232 },
  { "area": "Nehru Nagar", "city": "Hyderabad", "state": "Telangana", "lat": 17.4432, "lon": 78.4532 },
  { "area": "Raj Bhavan Road", "city": "Hyderabad", "state": "Telangana", "lat": 17.4202, "lon": 78.4602 },
  { "area": "Lakdikapool", "city": "Hyderabad", "state": "Telangana", "lat": 17.4062, "lon": 78.4622 },
  { "area": "Saifabad", "city": "Hyderabad", "state": "Telangana", "lat": 17.4062, "lon": 78.4662 },
  { "area": "A.C. Guards", "city": "Hyderabad", "state": "Telangana", "lat": 17.4062, "lon": 78.4702 },
  { "area": "Masab Tank", "city": "Hyderabad", "state": "Telangana", "lat": 17.4062, "lon": 78.4542 },
  { "area": "Chintal Basti", "city": "Hyderabad", "state": "Telangana", "lat": 17.4062, "lon": 78.4502 },
  { "area": "Chikkadpally", "city": "Hyderabad", "state": "Telangana", "lat": 17.4062, "lon": 78.4802 },
  { "area": "Himayatnagar", "city": "Hyderabad", "state": "Telangana", "lat": 17.4062, "lon": 78.4862 },
  { "area": "Ashok Nagar", "city": "Hyderabad", "state": "Telangana", "lat": 17.4062, "lon": 78.4902 },
  { "area": "Domalguda", "city": "Hyderabad", "state": "Telangana", "lat": 17.4062, "lon": 78.4942 },
  { "area": "Hyderguda", "city": "Hyderabad", "state": "Telangana", "lat": 17.4062, "lon": 78.4982 },
  { "area": "Ramnagar", "city": "Hyderabad", "state": "Telangana", "lat": 17.4062, "lon": 78.5022 },
  { "area": "Azamabad", "city": "Hyderabad", "state": "Telangana", "lat": 17.4062, "lon": 78.5062 },
  { "area": "Adikmet", "city": "Hyderabad", "state": "Telangana", "lat": 17.4062, "lon": 78.5102 },
  { "area": "Nallakunta", "city": "Hyderabad", "state": "Telangana", "lat": 17.4062, "lon": 78.5142 },
  { "area": "Shanker Mutt", "city": "Hyderabad", "state": "Telangana" },
  { "area": "RTC X Roads", "city": "Hyderabad", "state": "Telangana" },
  { "area": "Gandhi Nagar", "city": "Hyderabad", "state": "Telangana" },
  { "area": "Bagh Lingampally", "city": "Hyderabad", "state": "Telangana" },
  { "area": "Vidyanagar", "city": "Hyderabad", "state": "Telangana" },
  { "area": "Narayanguda", "city": "Hyderabad", "state": "Telangana" },
  { "area": "Tilaknagar", "city": "Hyderabad", "state": "Telangana" },
  { "area": "Golnaka", "city": "Hyderabad", "state": "Telangana" },
  { "area": "Barkatpura", "city": "Hyderabad", "state": "Telangana" },
  { "area": "Shivam Road", "city": "Hyderabad", "state": "Telangana" },
  { "area": "Jamia Osmania", "city": "Hyderabad", "state": "Telangana" },
  { "area": "Kachiguda", "city": "Hyderabad", "state": "Telangana" },
  { "area": "Badichowdi", "city": "Hyderabad", "state": "Telangana" },
  { "area": "Aghapura", "city": "Hyderabad", "state": "Telangana" },
  { "area": "Koti", "city": "Hyderabad", "state": "Telangana" },
  { "area": "Bank Street", "city": "Hyderabad", "state": "Telangana" },
  { "area": "Boggulkunta", "city": "Hyderabad", "state": "Telangana" },
  { "area": "Gowlidoddi", "city": "Hyderabad", "state": "Telangana" },
  { "area": "Nanakramguda", "city": "Hyderabad", "state": "Telangana" },
  { "area": "Film Nagar", "city": "Hyderabad", "state": "Telangana" },
  { "area": "Yousufguda", "city": "Hyderabad", "state": "Telangana" },
  { "area": "Srinagar Colony", "city": "Hyderabad", "state": "Telangana" },
  { "area": "Serilingampally", "city": "Hyderabad", "state": "Telangana" },
  { "area": "Chanda Nagar", "city": "Hyderabad", "state": "Telangana" },
  { "area": "Allwyn Colony", "city": "Hyderabad", "state": "Telangana" },
  { "area": "Hafeezpet", "city": "Hyderabad", "state": "Telangana" },
  { "area": "Madinaguda", "city": "Hyderabad", "state": "Telangana" },
  { "area": "Miyapur", "city": "Hyderabad", "state": "Telangana" },
  { "area": "Bachupally", "city": "Hyderabad", "state": "Telangana" },
  { "area": "KPHB Colony", "city": "Hyderabad", "state": "Telangana" },
  { "area": "Nizampet", "city": "Hyderabad", "state": "Telangana" },
  { "area": "Pragathi Nagar", "city": "Hyderabad", "state": "Telangana" },
  { "area": "Moosapet", "city": "Hyderabad", "state": "Telangana" },
  { "area": "Mallampet", "city": "Hyderabad", "state": "Telangana" },
  { "area": "Patancheru", "city": "Hyderabad", "state": "Telangana" },
  { "area": "BHEL Township", "city": "Hyderabad", "state": "Telangana" },
  { "area": "RC Puram", "city": "Hyderabad", "state": "Telangana" },
  { "area": "Ameenpur", "city": "Hyderabad", "state": "Telangana" },
  { "area": "Beeramguda", "city": "Hyderabad", "state": "Telangana" },
  { "area": "Kistareddypet", "city": "Hyderabad", "state": "Telangana" },
  { "area": "IDA Bollaram", "city": "Hyderabad", "state": "Telangana" },
  { "area": "Medical Devices Park", "city": "Hyderabad", "state": "Telangana" },
  { "area": "Afzal Gunj", "city": "Hyderabad", "state": "Telangana" },
  { "area": "Aliabad", "city": "Hyderabad", "state": "Telangana" },
  { "area": "Alijah Kotla", "city": "Hyderabad", "state": "Telangana" },
  { "area": "Asif Nagar", "city": "Hyderabad", "state": "Telangana" },
  { "area": "Azampura", "city": "Hyderabad", "state": "Telangana" },
  { "area": "Barkas", "city": "Hyderabad", "state": "Telangana" },
  { "area": "Bazarghat", "city": "Hyderabad", "state": "Telangana" },
  { "area": "Begum Bazaar", "city": "Hyderabad", "state": "Telangana" },
  { "area": "Chaderghat", "city": "Hyderabad", "state": "Telangana" },
  { "area": "Chanchalguda", "city": "Hyderabad", "state": "Telangana" },
  { "area": "Chandrayan Gutta", "city": "Hyderabad", "state": "Telangana" },
  { "area": "Chatta Bazaar", "city": "Hyderabad", "state": "Telangana" },
  { "area": "Dabirpura", "city": "Hyderabad", "state": "Telangana" },
  { "area": "Dar-ul-Shifa", "city": "Hyderabad", "state": "Telangana" },
  { "area": "Dhoolpet", "city": "Hyderabad", "state": "Telangana" },
  { "area": "Edi Bazar", "city": "Hyderabad", "state": "Telangana" },
  { "area": "Falaknuma", "city": "Hyderabad", "state": "Telangana" },
  { "area": "Karwan", "city": "Hyderabad", "state": "Telangana" },
  { "area": "Malakpet", "city": "Hyderabad", "state": "Telangana" },
  { "area": "Moghalpura", "city": "Hyderabad", "state": "Telangana" },
  { "area": "Jahanuma", "city": "Hyderabad", "state": "Telangana" },
  { "area": "Laad Bazaar", "city": "Hyderabad", "state": "Telangana" },
  { "area": "Lal Darwaza", "city": "Hyderabad", "state": "Telangana" },
  { "area": "Langar Houz", "city": "Hyderabad", "state": "Telangana" },
  { "area": "Madina", "city": "Hyderabad", "state": "Telangana" },
  { "area": "Maharajgunj", "city": "Hyderabad", "state": "Telangana" },
  { "area": "Mehboob ki Mehendi", "city": "Hyderabad", "state": "Telangana" },
  { "area": "Mir Alam Tank", "city": "Hyderabad", "state": "Telangana" },
  { "area": "Mozamjahi Market", "city": "Hyderabad", "state": "Telangana" },
  { "area": "Nawab Saheb Kunta", "city": "Hyderabad", "state": "Telangana" },
  { "area": "Nayapul", "city": "Hyderabad", "state": "Telangana" },
  { "area": "Noorkhan Bazar", "city": "Hyderabad", "state": "Telangana" },
  { "area": "Pisal Banda", "city": "Hyderabad", "state": "Telangana" },
  { "area": "Purana Pul", "city": "Hyderabad", "state": "Telangana" },
  { "area": "Putlibowli", "city": "Hyderabad", "state": "Telangana" },
  { "area": "Rein Bazar", "city": "Hyderabad", "state": "Telangana" },
  { "area": "Santoshnagar", "city": "Hyderabad", "state": "Telangana" },
  { "area": "Shahran Market", "city": "Hyderabad", "state": "Telangana" },
  { "area": "Shah Ali Banda", "city": "Hyderabad", "state": "Telangana" },
  { "area": "Sultan Bazar", "city": "Hyderabad", "state": "Telangana" },
  { "area": "Udden Gadda", "city": "Hyderabad", "state": "Telangana" },
  { "area": "Uppuguda", "city": "Hyderabad", "state": "Telangana" },
  { "area": "Yakutpura", "city": "Hyderabad", "state": "Telangana" },
  { "area": "Balanagar", "city": "Hyderabad", "state": "Telangana" },
  { "area": "Fateh Nagar", "city": "Hyderabad", "state": "Telangana" },
  { "area": "Ferozguda", "city": "Hyderabad", "state": "Telangana" },
  { "area": "Old Bowenpally", "city": "Hyderabad", "state": "Telangana" },
  { "area": "Hasmathpet", "city": "Hyderabad", "state": "Telangana" },
  { "area": "Suchitra Center", "city": "Hyderabad", "state": "Telangana" },
  { "area": "Jeedimetla", "city": "Hyderabad", "state": "Telangana" },
  { "area": "Jagadgirigutta", "city": "Hyderabad", "state": "Telangana" },
  { "area": "Suraram", "city": "Hyderabad", "state": "Telangana" },
  { "area": "Pet Basheerabad", "city": "Hyderabad", "state": "Telangana" },
  { "area": "Kompally", "city": "Hyderabad", "state": "Telangana" },
  { "area": "Medchal", "city": "Hyderabad", "state": "Telangana" },
  { "area": "Kandlakoya", "city": "Hyderabad", "state": "Telangana" },
  { "area": "Alwal", "city": "Hyderabad", "state": "Telangana" },
  { "area": "Lothkunta", "city": "Hyderabad", "state": "Telangana" },
  { "area": "Old Alwal", "city": "Hyderabad", "state": "Telangana" },
  { "area": "Macha Bollaram", "city": "Hyderabad", "state": "Telangana" },
  { "area": "Venkatapuram", "city": "Hyderabad", "state": "Telangana" },
  { "area": "Shamirpet", "city": "Hyderabad", "state": "Telangana" },
  { "area": "Malkajgiri", "city": "Hyderabad", "state": "Telangana" },
  { "area": "Anandbagh", "city": "Hyderabad", "state": "Telangana" },
  { "area": "Ammuguda", "city": "Hyderabad", "state": "Telangana" },
  { "area": "Kapra", "city": "Hyderabad", "state": "Telangana" },
  { "area": "A. S. Rao Nagar", "city": "Hyderabad", "state": "Telangana" },
  { "area": "ECIL 'X' Roads", "city": "Hyderabad", "state": "Telangana" },
  { "area": "Kamala Nagar", "city": "Hyderabad", "state": "Telangana" },
  { "area": "Kushaiguda", "city": "Hyderabad", "state": "Telangana" },
  { "area": "Cherlapally", "city": "Hyderabad", "state": "Telangana" },
  { "area": "Keesara", "city": "Hyderabad", "state": "Telangana" },
  { "area": "Nagaram", "city": "Hyderabad", "state": "Telangana" },
  { "area": "Dammaiguda", "city": "Hyderabad", "state": "Telangana" },
  { "area": "Jawaharnagar", "city": "Hyderabad", "state": "Telangana" },
  { "area": "Rampally", "city": "Hyderabad", "state": "Telangana" },
  { "area": "Cheriyal", "city": "Hyderabad", "state": "Telangana" },
  { "area": "Uppal", "city": "Hyderabad", "state": "Telangana" },
  { "area": "Habsiguda", "city": "Hyderabad", "state": "Telangana" },
  { "area": "Ramanthapur", "city": "Hyderabad", "state": "Telangana" },
  { "area": "Boduppal", "city": "Hyderabad", "state": "Telangana" },
  { "area": "Nagole", "city": "Hyderabad", "state": "Telangana" },
  { "area": "Nacharam", "city": "Hyderabad", "state": "Telangana" },
  { "area": "Mallapur", "city": "Hyderabad", "state": "Telangana" },
  { "area": "Ghatkesar", "city": "Hyderabad", "state": "Telangana" },
  { "area": "Peerzadiguda", "city": "Hyderabad", "state": "Telangana" },
  { "area": "Chengicherla", "city": "Hyderabad", "state": "Telangana" },
  { "area": "Pocharam", "city": "Hyderabad", "state": "Telangana" },
  { "area": "Narapally", "city": "Hyderabad", "state": "Telangana" },
  { "area": "Medipally", "city": "Hyderabad", "state": "Telangana" },
  { "area": "Kothapet", "city": "Hyderabad", "state": "Telangana" },
  { "area": "Gaddiannaram", "city": "Hyderabad", "state": "Telangana" },
  { "area": "Moosarambagh", "city": "Hyderabad", "state": "Telangana" },
  { "area": "Chaitanyapuri", "city": "Hyderabad", "state": "Telangana" },
  { "area": "Bairamalguda", "city": "Hyderabad", "state": "Telangana" },
  { "area": "Chintalakunta", "city": "Hyderabad", "state": "Telangana" },
  { "area": "Vanasthalipuram", "city": "Hyderabad", "state": "Telangana" },
  { "area": "Hastinapuram", "city": "Hyderabad", "state": "Telangana" },
  { "area": "Saroornagar", "city": "Hyderabad", "state": "Telangana" },
  { "area": "Badangpet", "city": "Hyderabad", "state": "Telangana" },
  { "area": "Balapur", "city": "Hyderabad", "state": "Telangana" },
  { "area": "Champapet", "city": "Hyderabad", "state": "Telangana" },
  { "area": "Jillelguda", "city": "Hyderabad", "state": "Telangana" },
  { "area": "Karmanghat", "city": "Hyderabad", "state": "Telangana" },
  { "area": "Lingojiguda", "city": "Hyderabad", "state": "Telangana" },
  { "area": "Meerpet", "city": "Hyderabad", "state": "Telangana" },
  { "area": "Sanghi Nagar", "city": "Hyderabad", "state": "Telangana" },
  { "area": "Rajendranagar", "city": "Hyderabad", "state": "Telangana" },
  { "area": "Attapur", "city": "Hyderabad", "state": "Telangana" },
  { "area": "Bandlaguda", "city": "Hyderabad", "state": "Telangana" },
  { "area": "Gandipet", "city": "Hyderabad", "state": "Telangana" },
  { "area": "Kismatpur", "city": "Hyderabad", "state": "Telangana" },
  { "area": "Narsingi", "city": "Hyderabad", "state": "Telangana" },
  { "area": "Puppalguda", "city": "Hyderabad", "state": "Telangana" },
  { "area": "Shamshabad", "city": "Shamshabad", "state": "Telangana" },
  { "area": "Rajiv Gandhi International Airport", "city": "Shamshabad", "state": "Telangana" },
  { "area": "Umdanagar", "city": "Shamshabad", "state": "Telangana" },
  { "area": "Shadnagar", "city": "Shadnagar", "state": "Telangana" },

  { "area": "Vijayawada", "city": "Vijayawada", "state": "Andhra Pradesh" },
  { "area": "Benz Circle", "city": "Vijayawada", "state": "Andhra Pradesh" },
  { "area": "Governorpet", "city": "Vijayawada", "state": "Andhra Pradesh" },
  { "area": "Guntur", "city": "Guntur", "state": "Andhra Pradesh" },
  { "area": "Brodipet", "city": "Guntur", "state": "Andhra Pradesh" },
  { "area": "Visakhapatnam", "city": "Visakhapatnam", "state": "Andhra Pradesh" },
  { "area": "MVP Colony", "city": "Visakhapatnam", "state": "Andhra Pradesh" },
  { "area": "Dwaraka Nagar", "city": "Visakhapatnam", "state": "Andhra Pradesh" },
  { "area": "Tirupati", "city": "Tirupati", "state": "Andhra Pradesh" },
  { "area": "Renigunta", "city": "Tirupati", "state": "Andhra Pradesh" },
  { "area": "Nellore", "city": "Nellore", "state": "Andhra Pradesh" },
  { "area": "Kurnool", "city": "Kurnool", "state": "Andhra Pradesh" },
  { "area": "Kadapa", "city": "Kadapa", "state": "Andhra Pradesh" },
  { "area": "Rajahmundry", "city": "Rajahmundry", "state": "Andhra Pradesh" },
  { "area": "Kakinada", "city": "Kakinada", "state": "Andhra Pradesh" },
  { "area": "Ongole", "city": "Ongole", "state": "Andhra Pradesh" },
  { "area": "Anantapur", "city": "Anantapur", "state": "Andhra Pradesh" },
  { "area": "Eluru", "city": "Eluru", "state": "Andhra Pradesh" },
  { "area": "Srikakulam", "city": "Srikakulam", "state": "Andhra Pradesh" },
  { "area": "Chittoor", "city": "Chittoor", "state": "Andhra Pradesh" },
  { "area": "Proddatur", "city": "Proddatur", "state": "Andhra Pradesh" },
  { "area": "Machilipatnam", "city": "Machilipatnam", "state": "Andhra Pradesh" },
  { "area": "Tenali", "city": "Tenali", "state": "Andhra Pradesh" },
  { "area": "Madanapalle", "city": "Madanapalle", "state": "Andhra Pradesh" },
  { "area": "Nandyal", "city": "Nandyal", "state": "Andhra Pradesh" },
  { "area": "Hindupur", "city": "Hindupur", "state": "Andhra Pradesh" },
  { "area": "Bhimavaram", "city": "Bhimavaram", "state": "Andhra Pradesh" },
  { "area": "Tadepalligudem", "city": "Tadepalligudem", "state": "Andhra Pradesh" },
  { "area": "Palakollu", "city": "Palakollu", "state": "Andhra Pradesh" },
  { "area": "Gudivada", "city": "Gudivada", "state": "Andhra Pradesh" },
  { "area": "Yemmiganur", "city": "Yemmiganur", "state": "Andhra Pradesh" },
  { "area": "Markapur", "city": "Markapur", "state": "Andhra Pradesh" },
  { "area": "Rayachoti", "city": "Rayachoti", "state": "Andhra Pradesh" },
  { "area": "Tuni", "city": "Tuni", "state": "Andhra Pradesh" },
  { "area": "Nagari", "city": "Nagari", "state": "Andhra Pradesh" },
  { "area": "Kavali", "city": "Kavali", "state": "Andhra Pradesh" },
  { "area": "Tanuku", "city": "Tanuku", "state": "Andhra Pradesh" },
  { "area": "Sattenapalle", "city": "Sattenapalle", "state": "Andhra Pradesh" },
  { "area": "Dharmavaram", "city": "Dharmavaram", "state": "Andhra Pradesh" },
  { "area": "Vinukonda", "city": "Vinukonda", "state": "Andhra Pradesh" },
  { "area": "Repalle", "city": "Repalle", "state": "Andhra Pradesh" },
  { "area": "Ponnur", "city": "Ponnur", "state": "Andhra Pradesh" },
  { "area": "Chilakaluripet", "city": "Chilakaluripet", "state": "Andhra Pradesh" },
  { "area": "Bapatla", "city": "Bapatla", "state": "Andhra Pradesh" },
  { "area": "Narasaraopet", "city": "Narasaraopet", "state": "Andhra Pradesh" },
  { "area": "Gudur", "city": "Gudur", "state": "Andhra Pradesh" },
  { "area": "Sullurpeta", "city": "Sullurpeta", "state": "Andhra Pradesh" },
  { "area": "Atmakur", "city": "Atmakur", "state": "Andhra Pradesh" },
  { "area": "Kandukur", "city": "Kandukur", "state": "Andhra Pradesh" },
  { "area": "Macherla", "city": "Macherla", "state": "Andhra Pradesh" },
  { "area": "Nidadavole", "city": "Nidadavole", "state": "Andhra Pradesh" },
  { "area": "Peddapuram", "city": "Peddapuram", "state": "Andhra Pradesh" },
  { "area": "Samalkot", "city": "Samalkot", "state": "Andhra Pradesh" },
  { "area": "Mandapeta", "city": "Mandapeta", "state": "Andhra Pradesh" },
  { "area": "Amalapuram", "city": "Amalapuram", "state": "Andhra Pradesh" },
  { "area": "Amaravati", "city": "Amaravati", "state": "Andhra Pradesh" },
  { "area": "Araku Valley", "city": "Visakhapatnam", "state": "Andhra Pradesh" },
  { "area": "Lepakshi", "city": "Anantapur", "state": "Andhra Pradesh" },
  { "area": "Bheemunipatnam", "city": "Visakhapatnam", "state": "Andhra Pradesh" },
  { "area": "Srisailam", "city": "Kurnool", "state": "Andhra Pradesh" },
  { "area": "Ahobilam", "city": "Kurnool", "state": "Andhra Pradesh" },
  { "area": "Anakapalle", "city": "Anakapalle", "state": "Andhra Pradesh" },
  { "area": "Borra Caves", "city": "Visakhapatnam", "state": "Andhra Pradesh" },
  { "area": "Adoni", "city": "Adoni", "state": "Andhra Pradesh" },
  { "area": "AmudÄlavalasa", "city": "Srikakulam", "state": "Andhra Pradesh" },
  { "area": "Badvel", "city": "Kadapa", "state": "Andhra Pradesh" },
  { "area": "Banaganapalle", "city": "Nandyal", "state": "Andhra Pradesh" },
  { "area": "Bethamcherla", "city": "Nandyal", "state": "Andhra Pradesh" },
  { "area": "Bobbili", "city": "Vizianagaram", "state": "Andhra Pradesh" },
  { "area": "Chirala", "city": "Prakasam", "state": "Andhra Pradesh" },
  { "area": "Chodavaram", "city": "Visakhapatnam", "state": "Andhra Pradesh" },
  { "area": "Dhone", "city": "Kurnool", "state": "Andhra Pradesh" },
  { "area": "Giddalur", "city": "Prakasam", "state": "Andhra Pradesh" },
  { "area": "Gooty", "city": "Anantapur", "state": "Andhra Pradesh" },
  { "area": "Guntakal", "city": "Anantapur", "state": "Andhra Pradesh" },
  { "area": "Ibrahimpatnam", "city": "Krishna", "state": "Andhra Pradesh" },
  { "area": "Ichchapuram", "city": "Srikakulam", "state": "Andhra Pradesh" },
  { "area": "Jaggayyapeta", "city": "Krishna", "state": "Andhra Pradesh" },
  { "area": "Jammalamadugu", "city": "Kadapa", "state": "Andhra Pradesh" },
  { "area": "Kalyandurg", "city": "Anantapur", "state": "Andhra Pradesh" },
  { "area": "Kanigiri", "city": "Prakasam", "state": "Andhra Pradesh" },
  { "area": "Kondapalle", "city": "Krishna", "state": "Andhra Pradesh" },
  { "area": "Kovvur", "city": "East Godavari", "state": "Andhra Pradesh" },
  { "area": "Kuppam", "city": "Chittoor", "state": "Andhra Pradesh" },
  { "area": "Narasannapeta", "city": "Srikakulam", "state": "Andhra Pradesh" },
  { "area": "Narsapur", "city": "West Godavari", "state": "Andhra Pradesh" },
  { "area": "Narsipatnam", "city": "Visakhapatnam", "state": "Andhra Pradesh" },
  { "area": "Nellimarla", "city": "Vizianagaram", "state": "Andhra Pradesh" },
  { "area": "Nuzvid", "city": "Eluru", "state": "Andhra Pradesh" },
  { "area": "RK Beach", "city": "Visakhapatnam", "state": "Andhra Pradesh" },
  { "area": "Rushikonda Beach", "city": "Visakhapatnam", "state": "Andhra Pradesh" },
  { "area": "Yarada Beach", "city": "Visakhapatnam", "state": "Andhra Pradesh" },
  { "area": "Simhachalam", "city": "Visakhapatnam", "state": "Andhra Pradesh" },
  { "area": "Kailasagiri", "city": "Visakhapatnam", "state": "Andhra Pradesh" },
  { "area": "Katiki Waterfalls", "city": "Visakhapatnam", "state": "Andhra Pradesh" },
  { "area": "Lambasingi", "city": "Visakhapatnam", "state": "Andhra Pradesh" },
  { "area": "Lawson's Bay Beach", "city": "Visakhapatnam", "state": "Andhra Pradesh" },
  { "area": "Tolichowki", "city": "Hyderabad", "state": "Telangana" },
  { "area": "Shaikpet", "city": "Hyderabad", "state": "Telangana" },
  { "area": "SR Nagar", "city": "Hyderabad", "state": "Telangana" },
  { "area": "Hayathnagar", "city": "Hyderabad", "state": "Telangana" },
  { "area": "Mehdipatnam", "city": "Hyderabad", "state": "Telangana" },
  { "area": "Qutbullapur", "city": "Hyderabad", "state": "Telangana" },
  { "area": "Moula-Ali", "city": "Hyderabad", "state": "Telangana" },
  { "area": "Neredmet", "city": "Hyderabad", "state": "Telangana" },
  { "area": "Old Neredmet", "city": "Hyderabad", "state": "Telangana" },
  { "area": "Safilguda", "city": "Hyderabad", "state": "Telangana" },
  { "area": "Sainikpuri", "city": "Hyderabad", "state": "Telangana" },
  { "area": "Yapral", "city": "Hyderabad", "state": "Telangana" },
  { "area": "Ibrahimpatnam", "city": "Hyderabad", "state": "Telangana" },
  { "area": "Malkajgiri", "city": "Hyderabad", "state": "Telangana" },
  { "area": "Gautham Nagar", "city": "Hyderabad", "state": "Telangana" },
  { "area": "Kakatiya Nagar", "city": "Hyderabad", "state": "Telangana" },
  { "area": "Vinayak Nagar", "city": "Hyderabad", "state": "Telangana" },
  { "area": "Rai Durg", "city": "Hyderabad", "state": "Telangana" },
  { "area": "Gollapudi", "city": "Vijayawada", "state": "Andhra Pradesh" },
  { "area": "Kankipadu", "city": "Vijayawada", "state": "Andhra Pradesh" },
  { "area": "Poranki", "city": "Vijayawada", "state": "Andhra Pradesh" },
  { "area": "Kanuru", "city": "Vijayawada", "state": "Andhra Pradesh" },
  { "area": "Nunna", "city": "Vijayawada", "state": "Andhra Pradesh" },
  { "area": "Tadigadapa", "city": "Vijayawada", "state": "Andhra Pradesh" },
  { "area": "Penamaluru", "city": "Vijayawada", "state": "Andhra Pradesh" },
  { "area": "Konduru", "city": "Vijayawada", "state": "Andhra Pradesh" },
  { "area": "Sri Ramachandra Nagar", "city": "Vijayawada", "state": "Andhra Pradesh" },
  { "area": "Krishna Lanka", "city": "Vijayawada", "state": "Andhra Pradesh" },
  { "area": "Enikepadu", "city": "Vijayawada", "state": "Andhra Pradesh" },
  { "area": "Payakapuram", "city": "Vijayawada", "state": "Andhra Pradesh" },
  { "area": "Vuyyuru", "city": "Krishna", "state": "Andhra Pradesh" },
  { "area": "Kanchikacherla", "city": "Krishna", "state": "Andhra Pradesh" },
  { "area": "Gannavaram", "city": "Krishna", "state": "Andhra Pradesh" },
  { "area": "Edupugallu", "city": "Krishna", "state": "Andhra Pradesh" },
  { "area": "Telaprolu", "city": "Krishna", "state": "Andhra Pradesh" },
  { "area": "Gosala", "city": "Krishna", "state": "Andhra Pradesh" },
  { "area": "Akunuru", "city": "Krishna", "state": "Andhra Pradesh" },
  { "area": "Mylavaram", "city": "Krishna", "state": "Andhra Pradesh" },
  { "area": "Gudavalli", "city": "Krishna", "state": "Andhra Pradesh" },
  { "area": "Vanukuru", "city": "Krishna", "state": "Andhra Pradesh" },
  { "area": "Ramavarappadu", "city": "Vijayawada", "state": "Andhra Pradesh" },
  { "area": "Gunadala", "city": "Vijayawada", "state": "Andhra Pradesh" },
  { "area": "Satyanarayanapuram", "city": "Vijayawada", "state": "Andhra Pradesh" },
  { "area": "Autonagar", "city": "Vijayawada", "state": "Andhra Pradesh" },
  { "area": "Bhavanipuram", "city": "Vijayawada", "state": "Andhra Pradesh" },
  { "area": "Singhnagar", "city": "Vijayawada", "state": "Andhra Pradesh" },
  { "area": "Ajit Singh Nagar", "city": "Vijayawada", "state": "Andhra Pradesh" },
  { "area": "Sanat Nagar", "city": "Vijayawada", "state": "Andhra Pradesh" },
  { "area": "Nidamanuru", "city": "Vijayawada", "state": "Andhra Pradesh" },
  { "area": "Donka Road", "city": "Vijayawada", "state": "Andhra Pradesh" },
  { "area": "Labbipet", "city": "Vijayawada", "state": "Andhra Pradesh" },
  { "area": "Mogalrajapuram", "city": "Vijayawada", "state": "Andhra Pradesh" },
  { "area": "Gandhi Nagar", "city": "Vijayawada", "state": "Andhra Pradesh" },
  { "area": "One Town", "city": "Vijayawada", "state": "Andhra Pradesh" },
  { "area": "Vasanthapuram", "city": "Vijayawada", "state": "Andhra Pradesh" },
  { "area": "Patamata", "city": "Vijayawada", "state": "Andhra Pradesh" },
  { "area": "Currency Nagar", "city": "Vijayawada", "state": "Andhra Pradesh" },
  { "area": "Vidhyadharapuram", "city": "Vijayawada", "state": "Andhra Pradesh" },
  { "area": "Prakasham Barrage Area", "city": "Vijayawada", "state": "Andhra Pradesh" },
  { "area": "Kothapet", "city": "Vijayawada", "state": "Andhra Pradesh" },
  { "area": "Machavaram", "city": "Vijayawada", "state": "Andhra Pradesh" },
  { "area": "Suryaraopeta", "city": "Vijayawada", "state": "Andhra Pradesh" },
  { "area": "Sambamurthy Nagar", "city": "Vijayawada", "state": "Andhra Pradesh" },
  { "area": "Mutyalammapadu", "city": "Vijayawada", "state": "Andhra Pradesh" },
  { "area": "Ajith Sing Nagar", "city": "Vijayawada", "state": "Andhra Pradesh" },
  { "area": "Durga Agraharam", "city": "Vijayawada", "state": "Andhra Pradesh" },
  { "area": "Pandit Nehru Bus Station Area", "city": "Vijayawada", "state": "Andhra Pradesh" },
  { "area": "Satyanarayanapuram", "city": "Vijayawada", "state": "Andhra Pradesh" },
  { "area": "Vasavya Nagar", "city": "Vijayawada", "state": "Andhra Pradesh" },
  { "area": "NTS Colony", "city": "Vijayawada", "state": "Andhra Pradesh" },
  { "area": "SRR & CVR College Road", "city": "Vijayawada", "state": "Andhra Pradesh" },
  { "area": "Raghavaiah Park Road", "city": "Vijayawada", "state": "Andhra Pradesh" },
  { "area": "Krishnalanka", "city": "Vijayawada", "state": "Andhra Pradesh" },
  { "area": "Padamatalanka", "city": "Vijayawada", "state": "Andhra Pradesh" },
  { "area": "R. Agraharam", "city": "Vijayawada", "state": "Andhra Pradesh" },
  { "area": "Ashok Nagar", "city": "Vijayawada", "state": "Andhra Pradesh" },
  { "area": "K. L. Rao Colony", "city": "Vijayawada", "state": "Andhra Pradesh" },
  { "area": "M. G. Road", "city": "Vijayawada", "state": "Andhra Pradesh" },
  { "area": "Durgapuram", "city": "Vijayawada", "state": "Andhra Pradesh" },
  { "area": "Brundavan Colony", "city": "Vijayawada", "state": "Andhra Pradesh" },
  { "area": "Currency Nagar", "city": "Vijayawada", "state": "Andhra Pradesh" },
  { "area": "Veterinary Colony", "city": "Vijayawada", "state": "Andhra Pradesh" },
  { "area": "Gandhi Nagar", "city": "Visakhapatnam", "state": "Andhra Pradesh" },
  { "area": "Gajuwaka", "city": "Visakhapatnam", "state": "Andhra Pradesh" },
  { "area": "NAD Kotharoad", "city": "Visakhapatnam", "state": "Andhra Pradesh" },
  { "area": "Arilova", "city": "Visakhapatnam", "state": "Andhra Pradesh" },
  { "area": "Madhurawada", "city": "Visakhapatnam", "state": "Andhra Pradesh" },
  { "area": "PM Palem", "city": "Visakhapatnam", "state": "Andhra Pradesh" },
  { "area": "Rushikonda", "city": "Visakhapatnam", "state": "Andhra Pradesh" },
  { "area": "Pendurthi", "city": "Visakhapatnam", "state": "Andhra Pradesh" },
  { "area": "Vemulawada", "city": "Rajanna Sircilla", "state": "Telangana" },
  { "area": "Basara", "city": "Nirmal", "state": "Telangana" },
  { "area": "Kondagattu", "city": "Jagtial", "state": "Telangana" },
  { "area": "Kolhapur", "city": "Nagarkurnool", "state": "Telangana" },
  { "area": "Alampur", "city": "Jogulamba Gadwal", "state": "Telangana" },
  { "area": "Palair", "city": "Khammam", "state": "Telangana" },
  { "area": "Pakhal", "city": "Warangal", "state": "Telangana" },
  { "area": "Kondapochamma Sagar", "city": "Siddipet", "state": "Telangana" },
  { "area": "Pocharam Reservoir", "city": "Medak", "state": "Telangana" },
  { "area": "Pochampally", "city": "Yadadri Bhuvanagiri", "state": "Telangana" },
  { "area": "Kothur", "city": "Rangareddy", "state": "Telangana" },
  { "area": "Mamidipally", "city": "Rangareddy", "state": "Telangana" },
  { "area": "Adibatla", "city": "Rangareddy", "state": "Telangana" },
  { "area": "Bandlaguda Jagir", "city": "Rangareddy", "state": "Telangana" },
  { "area": "Tellapur", "city": "Sangareddy", "state": "Telangana" },
  { "area": "Velimela", "city": "Sangareddy", "state": "Telangana" },
  { "area": "Rudraram", "city": "Sangareddy", "state": "Telangana" },
  { "area": "Sadashivpet", "city": "Sangareddy", "state": "Telangana" },
  { "area": "Gajwel", "city": "Siddipet", "state": "Telangana" },
  { "area": "Dubbak", "city": "Siddipet", "state": "Telangana" },
  { "area": "Thumkunta", "city": "Medchal-Malkajgiri", "state": "Telangana" },
  { "area": "Gowdavally", "city": "Medchal-Malkajgiri", "state": "Telangana" },
  { "area": "Nagaram", "city": "Medchal-Malkajgiri", "state": "Telangana" },
  { "area": "Dundigal", "city": "Medchal-Malkajgiri", "state": "Telangana" },
  { "area": "Ramachandrapuram", "city": "Sangareddy", "state": "Telangana" },
  { "area": "Patancheruvu", "city": "Sangareddy", "state": "Telangana" },
  { "area": "Siddapur", "city": "Sangareddy", "state": "Telangana" },
  { "area": "Chevella", "city": "Rangareddy", "state": "Telangana" },
  { "area": "Moinabad", "city": "Rangareddy", "state": "Telangana" },
  { "area": "Narsingi", "city": "Rangareddy", "state": "Telangana" },
  { "area": "Manneguda", "city": "Rangareddy", "state": "Telangana" },
  { "area": "Yacharam", "city": "Rangareddy", "state": "Telangana" },
  { "area": "Kadthal", "city": "Rangareddy", "state": "Telangana" },
  { "area": "Amangal", "city": "Rangareddy", "state": "Telangana" },
  { "area": "Ibrahimpatnam", "city": "Rangareddy", "state": "Telangana" },
  { "area": "Kothagudem", "city": "Bhadradri Kothagudem", "state": "Telangana" },
  { "area": "Paloncha", "city": "Bhadradri Kothagudem", "state": "Telangana" },
  { "area": "Yellandu", "city": "Bhadradri Kothagudem", "state": "Telangana" },
  { "area": "Manuguru", "city": "Bhadradri Kothagudem", "state": "Telangana" },
  { "area": "Aswapuram", "city": "Bhadradri Kothagudem", "state": "Telangana" },
  { "area": "Tekulapally", "city": "Bhadradri Kothagudem", "state": "Telangana" },
  { "area": "Sathupally", "city": "Khammam", "state": "Telangana" },
  { "area": "Wyra", "city": "Khammam", "state": "Telangana" },
  { "area": "Madhira", "city": "Khammam", "state": "Telangana" },
  { "area": "Nelakondapally", "city": "Khammam", "state": "Telangana" },
  { "area": "Pedapalli", "city": "Pedapalli", "state": "Telangana" },
  { "area": "Godavarikhani", "city": "Pedapalli", "state": "Telangana" },
  { "area": "Ramagundam", "city": "Pedapalli", "state": "Telangana" },
  { "area": "Sultanabad", "city": "Pedapalli", "state": "Telangana" },
  { "area": "Huzurnagar", "city": "Suryapet", "state": "Telangana" },
  { "area": "Kodad", "city": "Suryapet", "state": "Telangana" },
  { "area": "Tirumalagiri", "city": "Suryapet", "state": "Telangana" },
  { "area": "Jangoan", "city": "Jangoan", "state": "Telangana" },
  { "area": "Ghatkesar", "city": "Medchal-Malkajgiri", "state": "Telangana" },
  { "area": "Pocharam (near Ghatkesar)", "city": "Medchal-Malkajgiri", "state": "Telangana" },
  { "area": "Chengicherla", "city": "Medchal-Malkajgiri", "state": "Telangana" },
  { "area": "Narapally", "city": "Medchal-Malkajgiri", "state": "Telangana" },
  { "area": "Medipally", "city": "Medchal-Malkajgiri", "state": "Telangana" },
  { "area": "Yadagirigutta", "city": "Yadadri Bhuvanagiri", "state": "Telangana" },
  { "area": "Bhongir", "city": "Yadadri Bhuvanagiri", "state": "Telangana" },
  { "area": "Choutuppal", "city": "Yadadri Bhuvanagiri", "state": "Telangana" },
  { "area": "Narayanpur", "city": "Yadadri Bhuvanagiri", "state": "Telangana" },
  { "area": "Bibinagar", "city": "Yadadri Bhuvanagiri", "state": "Telangana" },
  { "area": "Turkapally", "city": "Yadadri Bhuvanagiri", "state": "Telangana" },
  { "area": "Gundlapochampally", "city": "Medchal-Malkajgiri", "state": "Telangana" },
  { "area": "Dabilpur", "city": "Medchal-Malkajgiri", "state": "Telangana" },
  { "area": "Ankireddipally", "city": "Medchal-Malkajgiri", "state": "Telangana" },
  { "area": "Shamirpet", "city": "Medchal-Malkajgiri", "state": "Telangana" },
  { "area": "Keesara", "city": "Medchal-Malkajgiri", "state": "Telangana" },
  { "area": "Modi", "city": "Medchal-Malkajgiri", "state": "Telangana" },
  { "area": "Puduru", "city": "Vikarabad", "state": "Telangana" },
  { "area": "Kothapally", "city": "Karimnagar", "state": "Telangana" },
  { "area": "Jammikunta", "city": "Karimnagar", "state": "Telangana" },
  { "area": "Manakondur", "city": "Karimnagar", "state": "Telangana" },
  { "area": "Choppadandi", "city": "Karimnagar", "state": "Telangana" },
  { "area": "Gangadhara", "city": "Karimnagar", "state": "Telangana" },
  { "area": "Buggaram", "city": "Jagtial", "state": "Telangana" },
  { "area": "Mallial", "city": "Jagtial", "state": "Telangana" },
  { "area": "Dharmapuri", "city": "Jagtial", "state": "Telangana" },
  { "area": "Metpally", "city": "Jagtial", "state": "Telangana" },
  { "area": "Korutla", "city": "Jagtial", "state": "Telangana" },
  { "area": "Armoor", "city": "Nizamabad", "state": "Telangana" },
  { "area": "Banswada", "city": "Nizamabad", "state": "Telangana" },
  { "area": "Kamareddy", "city": "Kamareddy", "state": "Telangana" },
  { "area": "Yellareddy", "city": "Kamareddy", "state": "Telangana" },
  { "area": "Bichkunda", "city": "Kamareddy", "state": "Telangana" },
  { "area": "Madnoor", "city": "Kamareddy", "state": "Telangana" },
  { "area": "Gadwal", "city": "Jogulamba Gadwal", "state": "Telangana" },
  { "area": "Atmakur (Gadwal)", "city": "Jogulamba Gadwal", "state": "Telangana" },
  { "area": "Kollapur", "city": "Nagarkurnool", "state": "Telangana" },
  { "area": "Kalwakurthy", "city": "Nagarkurnool", "state": "Telangana" },
  { "area": "Acchampet", "city": "Nagarkurnool", "state": "Telangana" },
  { "area": "Bijinapally", "city": "Nagarkurnool", "state": "Telangana" },
  { "area": "Kodangal", "city": "Mahbubnagar", "state": "Telangana" },
  { "area": "Jadcherla", "city": "Mahbubnagar", "state": "Telangana" },
  { "area": "Shadnagar", "city": "Mahbubnagar", "state": "Telangana" },
  { "area": "Amangal", "city": "Mahbubnagar", "state": "Telangana" },
  { "area": "Narayanpet", "city": "Narayanpet", "state": "Telangana" },
  { "area": "Makthal", "city": "Narayanpet", "state": "Telangana" },
  { "area": "Koilsagar", "city": "Narayanpet", "state": "Telangana" },
  { "area": "Pebbair", "city": "Wanaparthy", "state": "Telangana" },
  { "area": "Amarchinta", "city": "Wanaparthy", "state": "Telangana" },
  { "area": "Kodanagal", "city": "Wanaparthy", "state": "Telangana" },
  { "area": "Cherial", "city": "Siddipet", "state": "Telangana" },
  { "area": "Komuravelli", "city": "Siddipet", "state": "Telangana" },
  { "area": "Gundlapochampally", "city": "Medchal", "state": "Telangana" },
  { "area": "Dundigal", "city": "Medchal", "state": "Telangana" },
  { "area": "Kandi", "city": "Sangareddy", "state": "Telangana" },
  { "area": "Mustabad", "city": "Rajanna Sircilla", "state": "Telangana" },
  { "area": "Gambhirraopet", "city": "Rajanna Sircilla", "state": "Telangana" },
  { "area": "Vikarabad", "city": "Vikarabad", "state": "Telangana" },
  { "area": "Tandur", "city": "Vikarabad", "state": "Telangana" },
  { "area": "Pargi", "city": "Vikarabad", "state": "Telangana" },
  { "area": "Kotepally", "city": "Vikarabad", "state": "Telangana" },
  { "area": "Thippanapally", "city": "Vikarabad", "state": "Telangana" },
  { "area": "Pochampally (Warangal)", "city": "Warangal", "state": "Telangana" },
  { "area": "Parkal", "city": "Warangal", "state": "Telangana" },
  { "area": "Ghanpur (Station)", "city": "Jangaon", "state": "Telangana" },
  { "area": "Raghavapuram", "city": "Jangaon", "state": "Telangana" },
  { "area": "Kolcharam", "city": "Medak", "state": "Telangana" },
  { "area": "Ramayampet", "city": "Medak", "state": "Telangana" },
  { "area": "Narsingi (Medak)", "city": "Medak", "state": "Telangana" },
  { "area": "Sadasivpet", "city": "Sangareddy", "state": "Telangana" },
  { "area": "Jogipet", "city": "Sangareddy", "state": "Telangana" },
  { "area": "Zaheerabad", "city": "Sangareddy", "state": "Telangana" },
  { "area": "Kohir", "city": "Sangareddy", "state": "Telangana" },
  { "area": "Narayanakhed", "city": "Sangareddy", "state": "Telangana" },
  { "area": "Mancherial", "city": "Mancherial", "state": "Telangana" },
  { "area": "Bellampally", "city": "Mancherial", "state": "Telangana" },
  { "area": "Chennur", "city": "Mancherial", "state": "Telangana" },
  { "area": "Luxettipet", "city": "Mancherial", "state": "Telangana" },
  { "area": "Kotapally", "city": "Mancherial", "state": "Telangana" },
  { "area": "Asifabad", "city": "Komaram Bheem Asifabad", "state": "Telangana" },
  { "area": "Kaghaznagar", "city": "Komaram Bheem Asifabad", "state": "Telangana" },
  { "area": "Jainoor", "city": "Komaram Bheem Asifabad", "state": "Telangana" },
  { "area": "Sirpur", "city": "Komaram Bheem Asifabad", "state": "Telangana" },
  { "area": "Utnoor", "city": "Adilabad", "state": "Telangana" },
  { "area": "Luxettipet", "city": "Adilabad", "state": "Telangana" },
  { "area": "Nirmal", "city": "Nirmal", "state": "Telangana" },
  { "area": "Khanapur", "city": "Nirmal", "state": "Telangana" },
  { "area": "Sarapaka", "city": "Bhadradri Kothagudem", "state": "Telangana" },
  { "area": "Yelamanchili", "city": "Visakhapatnam", "state": "Andhra Pradesh" },
  { "area": "Payakaraopeta", "city": "Visakhapatnam", "state": "Andhra Pradesh" },
  { "area": "Narasipatnam", "city": "Visakhapatnam", "state": "Andhra Pradesh" },
  { "area": "Paderu", "city": "Alluri Sitharama Raju", "state": "Andhra Pradesh" },
  { "area": "Ananthagiri", "city": "Alluri Sitharama Raju", "state": "Andhra Pradesh" },
  { "area": "Chintapalle", "city": "Alluri Sitharama Raju", "state": "Andhra Pradesh" },
  { "area": "Rampachodavaram", "city": "Alluri Sitharama Raju", "state": "Andhra Pradesh" },
  { "area": "Maredumilli", "city": "Alluri Sitharama Raju", "state": "Andhra Pradesh" },
  { "area": "Narsapuram", "city": "West Godavari", "state": "Andhra Pradesh" },
  { "area": "Kovvur", "city": "East Godavari", "state": "Andhra Pradesh" },
  { "area": "Devarapalli", "city": "East Godavari", "state": "Andhra Pradesh" },
  { "area": "Pithapuram", "city": "Kakinada", "state": "Andhra Pradesh" },
  { "area": "Gollaprolu", "city": "Kakinada", "state": "Andhra Pradesh" },
  { "area": "Uppada", "city": "Kakinada", "state": "Andhra Pradesh" },
  { "area": "Kathipudi", "city": "Kakinada", "state": "Andhra Pradesh" },
  { "area": "Tuni", "city": "Kakinada", "state": "Andhra Pradesh" },
  { "area": "Kothapeta", "city": "East Godavari", "state": "Andhra Pradesh" },
  { "area": "Mummidivaram", "city": "Konaseema", "state": "Andhra Pradesh" },
  { "area": "Razole", "city": "Konaseema", "state": "Andhra Pradesh" },
  { "area": "Polavaram", "city": "Eluru", "state": "Andhra Pradesh" },
  { "area": "Jangareddygudem", "city": "Eluru", "state": "Andhra Pradesh" },
  { "area": "Denduluru", "city": "Eluru", "state": "Andhra Pradesh" },
  { "area": "Nidadavole", "city": "West Godavari", "state": "Andhra Pradesh" },
  { "area": "Kovvuru", "city": "West Godavari", "state": "Andhra Pradesh" },
  { "area": "Undi", "city": "West Godavari", "state": "Andhra Pradesh" },
  { "area": "Poduru", "city": "West Godavari", "state": "Andhra Pradesh" },
  { "area": "Peravali", "city": "West Godavari", "state": "Andhra Pradesh" },
  { "area": "Akividu", "city": "West Godavari", "state": "Andhra Pradesh" },
  { "area": "Attili", "city": "West Godavari", "state": "Andhra Pradesh" },
  { "area": "Penugonda", "city": "West Godavari", "state": "Andhra Pradesh" },
  { "area": "Veeravasaram", "city": "West Godavari", "state": "Andhra Pradesh" },
  { "area": "Dwaraka Tirumala", "city": "Eluru", "state": "Andhra Pradesh" },
  { "area": "Gundugolanu", "city": "Eluru", "state": "Andhra Pradesh" },
  { "area": "Pedapadu", "city": "Eluru", "state": "Andhra Pradesh" },
  { "area": "Vatluru", "city": "Eluru", "state": "Andhra Pradesh" },
  { "area": "Pamarru", "city": "Krishna", "state": "Andhra Pradesh" },
  { "area": "Movva", "city": "Krishna", "state": "Andhra Pradesh" },
  { "area": "Gannavaram", "city": "Krishna", "state": "Andhra Pradesh" },
  { "area": "Kaikanur", "city": "Krishna", "state": "Andhra Pradesh" },
  { "area": "Challapalli", "city": "Krishna", "state": "Andhra Pradesh" },
  { "area": "Avanigadda", "city": "Krishna", "state": "Andhra Pradesh" },
  { "area": "Kodali", "city": "Krishna", "state": "Andhra Pradesh" },
  { "area": "Nagayalanka", "city": "Krishna", "state": "Andhra Pradesh" },
  { "area": "Mandavalli", "city": "Krishna", "state": "Andhra Pradesh" },
  { "area": "Gudlavalleru", "city": "Krishna", "state": "Andhra Pradesh" },
  { "area": "Nandigama", "city": "NTR", "state": "Andhra Pradesh" },
  { "area": "Kanchikacherla", "city": "NTR", "state": "Andhra Pradesh" },
  { "area": "Jaggayyapeta", "city": "NTR", "state": "Andhra Pradesh" },
  { "area": "Tiruvuru", "city": "NTR", "state": "Andhra Pradesh" },
  { "area": "Mylavaram", "city": "NTR", "state": "Andhra Pradesh" },
  { "area": "G Konduru", "city": "NTR", "state": "Andhra Pradesh" },
  { "area": "Chirala", "city": "Prakasam", "state": "Andhra Pradesh" },
  { "area": "Vetapalem", "city": "Prakasam", "state": "Andhra Pradesh" },
  { "area": "Singarayakonda", "city": "Prakasam", "state": "Andhra Pradesh" },
  { "area": "Tangutur", "city": "Prakasam", "state": "Andhra Pradesh" },
  { "area": "Donakonda", "city": "Prakasam", "state": "Andhra Pradesh" },
  { "area": "Addanki", "city": "Prakasam", "state": "Andhra Pradesh" },
  { "area": "Darsi", "city": "Prakasam", "state": "Andhra Pradesh" },
  { "area": "Podili", "city": "Prakasam", "state": "Andhra Pradesh" },
  { "area": "Kanigiri", "city": "Prakasam", "state": "Andhra Pradesh" },
  { "area": "Giddalur", "city": "Prakasam", "state": "Andhra Pradesh" },
  { "area": "Komarolu", "city": "Prakasam", "state": "Andhra Pradesh" },
  { "area": "Ardaveedu", "city": "Prakasam", "state": "Andhra Pradesh" },
  { "area": "Guntakal", "city": "Anantapur", "state": "Andhra Pradesh" },
  { "area": "Gooty", "city": "Anantapur", "state": "Andhra Pradesh" },
  { "area": "Dharmavaram", "city": "Anantapur", "state": "Andhra Pradesh" },
  { "area": "Kadiri", "city": "Anantapur", "state": "Andhra Pradesh" },
  { "area": "Puttaparthi", "city": "Sri Sathya Sai", "state": "Andhra Pradesh" },
  { "area": "Penukonda", "city": "Sri Sathya Sai", "state": "Andhra Pradesh" },
  { "area": "Tadpatri", "city": "Anantapur", "state": "Andhra Pradesh" },
  { "area": "Kalyandurg", "city": "Anantapur", "state": "Andhra Pradesh" },
  { "area": "Uravakonda", "city": "Anantapur", "state": "Andhra Pradesh" },
  { "area": "Guntakal", "city": "Anantapur", "state": "Andhra Pradesh" },
  { "area": "Rayadurg", "city": "Anantapur", "state": "Andhra Pradesh" },
  { "area": "Bellary Road (Anantapur)", "city": "Anantapur", "state": "Andhra Pradesh" },
  { "area": "Rural Anantapur", "city": "Anantapur", "state": "Andhra Pradesh" },
  { "area": "Old Town Anantapur", "city": "Anantapur", "state": "Andhra Pradesh" },
  { "area": "Vidyanagar Anantapur", "city": "Anantapur", "state": "Andhra Pradesh" },
  { "area": "Brahmasamudram", "city": "Anantapur", "state": "Andhra Pradesh" },
  { "area": "Singanamala", "city": "Anantapur", "state": "Andhra Pradesh" },
  { "area": "Pamidi", "city": "Anantapur", "state": "Andhra Pradesh" },
  { "area": "Kanaganapalle", "city": "Anantapur", "state": "Andhra Pradesh" },
  { "area": "Garladinne", "city": "Anantapur", "state": "Andhra Pradesh" },
  { "area": "Duttalur", "city": "Nellore", "state": "Andhra Pradesh" },
  { "area": "Allur", "city": "Nellore", "state": "Andhra Pradesh" },
  { "area": "Bogole", "city": "Nellore", "state": "Andhra Pradesh" },
  { "area": "Chillakur", "city": "Nellore", "state": "Andhra Pradesh" },
  { "area": "Chittamuru", "city": "Nellore", "state": "Andhra Pradesh" },
  { "area": "Dagadarthi", "city": "Nellore", "state": "Andhra Pradesh" },
  { "area": "Indukurpet", "city": "Nellore", "state": "Andhra Pradesh" },
  { "area": "Podalakur", "city": "Nellore", "state": "Andhra Pradesh" },
  { "area": "Rapur", "city": "Nellore", "state": "Andhra Pradesh" },
  { "area": "Venkatachalam", "city": "Nellore", "state": "Andhra Pradesh" },
  { "area": "Venkatagiri", "city": "Tirupati", "state": "Andhra Pradesh" },
  { "area": "Puttur", "city": "Tirupati", "state": "Andhra Pradesh" },
  { "area": "Nagari", "city": "Tirupati", "state": "Andhra Pradesh" },
  { "area": "Srikalahasti", "city": "Tirupati", "state": "Andhra Pradesh" },
  { "area": "Chandragiri", "city": "Tirupati", "state": "Andhra Pradesh" },
  { "area": "Pakala", "city": "Tirupati", "state": "Andhra Pradesh" },
  { "area": "Satyavedu", "city": "Tirupati", "state": "Andhra Pradesh" },
  { "area": "Ramapuram", "city": "Chittoor", "state": "Andhra Pradesh" },
  { "area": "Gangadhara Nellore", "city": "Chittoor", "state": "Andhra Pradesh" },
  { "area": "Palamaner", "city": "Chittoor", "state": "Andhra Pradesh" },
  { "area": "Kuppam", "city": "Chittoor", "state": "Andhra Pradesh" },
  { "area": "Vayalpadu", "city": "Annamayya", "state": "Andhra Pradesh" },
  { "area": "Rayachoti", "city": "Annamayya", "state": "Andhra Pradesh" },
  { "area": "Punganur", "city": "Annamayya", "state": "Andhra Pradesh" },
  { "area": "Gajapathinagaram", "city": "Vizianagaram", "state": "Andhra Pradesh" },
  { "area": "Bobbili", "city": "Vizianagaram", "state": "Andhra Pradesh" },
  { "area": "Salur", "city": "Vizianagaram", "state": "Andhra Pradesh" },
  { "area": "Parvathipuram", "city": "Parvathipuram Manyam", "state": "Andhra Pradesh" },
  { "area": "Kurupam", "city": "Parvathipuram Manyam", "state": "Andhra Pradesh" },
  { "area": "Palakonda", "city": "Srikakulam", "state": "Andhra Pradesh" },
  { "area": "Tekkali", "city": "Srikakulam", "state": "Andhra Pradesh" },
  { "area": "Amudalavalasa", "city": "Srikakulam", "state": "Andhra Pradesh" },
  { "area": "Palasa-Kasibugga", "city": "Srikakulam", "state": "Andhra Pradesh" },
  { "area": "Ichchapuram", "city": "Srikakulam", "state": "Andhra Pradesh" },
  { "area": "Gara", "city": "Srikakulam", "state": "Andhra Pradesh" },
  { "area": "Ponduru", "city": "Srikakulam", "state": "Andhra Pradesh" },
  { "area": "Pathapatnam", "city": "Srikakulam", "state": "Andhra Pradesh" },
  { "area": "Narasannapeta", "city": "Srikakulam", "state": "Andhra Pradesh" },
  { "area": "Etcherla", "city": "Srikakulam", "state": "Andhra Pradesh" },
  { "area": "Amalapuram", "city": "Konaseema", "state": "Andhra Pradesh" },
  { "area": "Kothapeta", "city": "Konaseema", "state": "Andhra Pradesh" },
  { "area": "Mandapeta", "city": "East Godavari", "state": "Andhra Pradesh" },
  { "area": "Ramachandrapuram", "city": "Konaseema", "state": "Andhra Pradesh" },
  { "area": "Ravulapalem", "city": "Konaseema", "state": "Andhra Pradesh" },
  { "area": "Sankhavaram", "city": "East Godavari", "state": "Andhra Pradesh" },
  { "area": "Korukonda", "city": "East Godavari", "state": "Andhra Pradesh" },
  { "area": "Gokavaram", "city": "East Godavari", "state": "Andhra Pradesh" },
  { "area": "Anaparthi", "city": "East Godavari", "state": "Andhra Pradesh" },
  { "area": "Pedapudi", "city": "East Godavari", "state": "Andhra Pradesh" },
  { "area": "Seethanagaram", "city": "East Godavari", "state": "Andhra Pradesh" },
  { "area": "Rajanagaram", "city": "East Godavari", "state": "Andhra Pradesh" },
  { "area": "Nandamuru", "city": "West Godavari", "state": "Andhra Pradesh" },
  { "area": "Velpuru", "city": "West Godavari", "state": "Andhra Pradesh" },
  { "area": "Penumantra", "city": "West Godavari", "state": "Andhra Pradesh" },
  { "area": "Kalla", "city": "West Godavari", "state": "Andhra Pradesh" },
  { "area": "Cherukuvada", "city": "West Godavari", "state": "Andhra Pradesh" },
  { "area": "Poduru", "city": "West Godavari", "state": "Andhra Pradesh" },
  { "area": "Veeravasaram", "city": "West Godavari", "state": "Andhra Pradesh" },
  { "area": "Palakollu", "city": "West Godavari", "state": "Andhra Pradesh" },
  { "area": "Yalamanchili (West Godavari)", "city": "West Godavari", "state": "Andhra Pradesh" },
  { "area": "Ganapavaram", "city": "West Godavari", "state": "Andhra Pradesh" },
  { "area": "Unguturu", "city": "West Godavari", "state": "Andhra Pradesh" },
  { "area": "Denduluru", "city": "West Godavari", "state": "Andhra Pradesh" },
  { "area": "Nuzvid", "city": "Eluru", "state": "Andhra Pradesh" },
  { "area": "Gudivada", "city": "Krishna", "state": "Andhra Pradesh" },
  { "area": "Kaikalur", "city": "Krishna", "state": "Andhra Pradesh" },
  { "area": "Pedana", "city": "Krishna", "state": "Andhra Pradesh" },
  { "area": "Bandar", "city": "Krishna", "state": "Andhra Pradesh" },
  { "area": "Kondapalli", "city": "Krishna", "state": "Andhra Pradesh" },
  { "area": "Muppalla", "city": "Guntur", "state": "Andhra Pradesh" },
  { "area": "Tadikonda", "city": "Guntur", "state": "Andhra Pradesh" },
  { "area": "Prathipadu", "city": "Guntur", "state": "Andhra Pradesh" },
  { "area": "Chebrolu", "city": "Guntur", "state": "Andhra Pradesh" },
  { "area": "Pittalavanipalem", "city": "Bapatla", "state": "Andhra Pradesh" },
  { "area": "Nizampatnam", "city": "Bapatla", "state": "Andhra Pradesh" },
  { "area": "Vatticherukuru", "city": "Guntur", "state": "Andhra Pradesh" },
  { "area": "Mangalagiri", "city": "Guntur", "state": "Andhra Pradesh" },
  { "area": "Tadepalli", "city": "Guntur", "state": "Andhra Pradesh" },
  { "area": "Durgi", "city": "Palnadu", "state": "Andhra Pradesh" },
  { "area": "Gurazala", "city": "Palnadu", "state": "Andhra Pradesh" },
  { "area": "Bellamkonda", "city": "Palnadu", "state": "Andhra Pradesh" },
  { "area": "Piduguralla", "city": "Palnadu", "state": "Andhra Pradesh" },
  { "area": "Rentachintala", "city": "Palnadu", "state": "Andhra Pradesh" },
  { "area": "Karempudi", "city": "Palnadu", "state": "Andhra Pradesh" },
  { "area": "Vinukonda", "city": "Palnadu", "state": "Andhra Pradesh" },
  { "area": "Epuripalem", "city": "Palnadu", "state": "Andhra Pradesh" },
  { "area": "Chilakaluripet", "city": "Palnadu", "state": "Andhra Pradesh" },
  { "area": "Parchur", "city": "Bapatla", "state": "Andhra Pradesh" },
  { "area": "Yanamalakuduru", "city": "Vijayawada", "state": "Andhra Pradesh" },
  { "area": "Kandrika", "city": "Vijayawada", "state": "Andhra Pradesh" },
  { "area": "Velagaleru", "city": "Vijayawada", "state": "Andhra Pradesh" },
  { "area": "Mallavalli", "city": "Vijayawada", "state": "Andhra Pradesh" },
  { "area": "Ajit Singh Nagar", "city": "Vijayawada", "state": "Andhra Pradesh" },
  { "area": "Vidyanagar (Vijayawada)", "city": "Vijayawada", "state": "Andhra Pradesh" },
  { "area": "Gollapudi", "city": "Vijayawada", "state": "Andhra Pradesh" },
  { "area": "Ramavarapadu", "city": "Vijayawada", "state": "Andhra Pradesh" },
  { "area": "Kondapalli", "city": "Vijayawada", "state": "Andhra Pradesh" },
  { "area": "Hanamkonda", "city": "Warangal", "state": "Telangana" },
  { "area": "Kazipet", "city": "Warangal", "state": "Telangana" },
  { "area": "Waddepally", "city": "Warangal", "state": "Telangana" },
  { "area": "Bank Colony", "city": "Warangal", "state": "Telangana" },
  { "area": "Bheemaram", "city": "Warangal", "state": "Telangana" },
  { "area": "Girimajipet", "city": "Warangal", "state": "Telangana" },
  { "area": "Pochamma Maidan", "city": "Warangal", "state": "Telangana" },
  { "area": "Kaman Chowrasta", "city": "Karimnagar", "state": "Telangana" },
  { "area": "Tower Circle", "city": "Karimnagar", "state": "Telangana" },
  { "area": "Sai Nagar", "city": "Karimnagar", "state": "Telangana" },
  { "area": "Mankammathota", "city": "Karimnagar", "state": "Telangana" },
  { "area": "Ramadugu", "city": "Karimnagar", "state": "Telangana" },
  { "area": "Annaram", "city": "Karimnagar", "state": "Telangana" },
  { "area": "Manakondur", "city": "Karimnagar", "state": "Telangana" },
  { "area": "Jammikunta Road", "city": "Karimnagar", "state": "Telangana" },
  { "area": "Alugunur", "city": "Karimnagar", "state": "Telangana" },
  { "area": "Vemulawada", "city": "Karimnagar", "state": "Telangana" },
  { "area": "Nagunur", "city": "Karimnagar", "state": "Telangana" },
  { "area": "Ramagiri", "city": "Karimnagar", "state": "Telangana" },
  { "area": "Kaleshwaram", "city": "Karimnagar", "state": "Telangana" },
  { "area": "Kotilingala", "city": "Karimnagar", "state": "Telangana" },
  { "area": "Jagityal", "city": "Jagtial", "state": "Telangana" },
  { "area": "Molangur", "city": "Karimnagar", "state": "Telangana" },
  { "area": "Stambhadri", "city": "Khammam", "state": "Telangana" },
  { "area": "Nelakondapalli", "city": "Khammam", "state": "Telangana" },
  { "area": "Kusumanchi", "city": "Khammam", "state": "Telangana" },
  { "area": "Madhira", "city": "Khammam", "state": "Telangana" },
  { "area": "Yellandu", "city": "Khammam", "state": "Telangana" },
  { "area": "Sathupalli", "city": "Khammam", "state": "Telangana" },
  { "area": "Wyra", "city": "Khammam", "state": "Telangana" },
  { "area": "Kallur", "city": "Khammam", "state": "Telangana" },
  { "area": "Lakaram Lake Area", "city": "Khammam", "state": "Telangana" },
  { "area": "Jammalapuram", "city": "Khammam", "state": "Telangana" },
  { "area": "Perantalapalli", "city": "Khammam", "state": "Telangana" },
  { "area": "Palair Lake Area", "city": "Khammam", "state": "Telangana" },
  { "area": "Gundala", "city": "Khammam", "state": "Telangana" },
  { "area": "Parnasala", "city": "Khammam", "state": "Telangana" },
  { "area": "Bhadrachalam", "city": "Bhadrachalam", "state": "Telangana" },
  { "area": "Manuguru", "city": "Manuguru", "state": "Telangana" },
  { "area": "Kodad", "city": "Kodad", "state": "Telangana" },
  { "area": "Huzurnagar", "city": "Huzurnagar", "state": "Telangana" },
  { "area": "Devarakonda", "city": "Nalgonda", "state": "Telangana" },
  { "area": "Miryalaguda", "city": "Miryalaguda", "state": "Telangana" },
  { "area": "Suryapet", "city": "Suryapet", "state": "Telangana" },
  { "area": "Kothagudem", "city": "Kothagudem", "state": "Telangana" },
  { "area": "Paloncha", "city": "Paloncha", "state": "Telangana" },
  { "area": "Ramagundam", "city": "Ramagundam", "state": "Telangana" },
  { "area": "Peddapalli", "city": "Peddapalli", "state": "Telangana" },
  { "area": "Mancherial", "city": "Mancherial", "state": "Telangana" },
  { "area": "Adilabad", "city": "Adilabad", "state": "Telangana" },
  { "area": "Nirmal", "city": "Nirmal", "state": "Telangana" },
  { "area": "Kamareddy", "city": "Kamareddy", "state": "Telangana" },
  { "area": "Siddipet", "city": "Siddipet", "state": "Telangana" },
  { "area": "Gajwel", "city": "Siddipet", "state": "Telangana" },
  { "area": "Sangareddy", "city": "Sangareddy", "state": "Telangana" },
  { "area": "Patancheru", "city": "Sangareddy", "state": "Telangana" },
  { "area": "Zaheerabad", "city": "Sangareddy", "state": "Telangana" },
  { "area": "Mahbubnagar", "city": "Mahbubnagar", "state": "Telangana" },
  { "area": "Wanaparthy", "city": "Wanaparthy", "state": "Telangana" },
  { "area": "Gadwal", "city": "Gadwal", "state": "Telangana" },
  { "area": "Narayanpet", "city": "Narayanpet", "state": "Telangana" },
  { "area": "Jangaon", "city": "Jangaon", "state": "Telangana" },
  { "area": "Bhongir", "city": "Yadadri Bhuvanagiri", "state": "Telangana" },
  { "area": "Kothapeta", "city": "Visakhapatnam", "state": "Andhra Pradesh" },
  { "area": "Madhurawada", "city": "Visakhapatnam", "state": "Andhra Pradesh" },
  { "area": "Rushikonda", "city": "Visakhapatnam", "state": "Andhra Pradesh" },
  { "area": "Anakapalle", "city": "Visakhapatnam", "state": "Andhra Pradesh" },
  { "area": "Gajuwaka", "city": "Visakhapatnam", "state": "Andhra Pradesh" },
  { "area": "Pendurthi", "city": "Visakhapatnam", "state": "Andhra Pradesh" },
  { "area": "Arilova", "city": "Visakhapatnam", "state": "Andhra Pradesh" },
  { "area": "Tagarapuvalasa", "city": "Visakhapatnam", "state": "Andhra Pradesh" },
  { "area": "Seethammadhara", "city": "Visakhapatnam", "state": "Andhra Pradesh" },
  { "area": "Maddilapalem", "city": "Visakhapatnam", "state": "Andhra Pradesh" },
  { "area": "NAD Kotharoad", "city": "Visakhapatnam", "state": "Andhra Pradesh" },
  { "area": "Chilakaluripet", "city": "Guntur", "state": "Andhra Pradesh" },
  { "area": "Mangalagiri", "city": "Guntur", "state": "Andhra Pradesh" },
  { "area": "Tenali", "city": "Tenali", "state": "Andhra Pradesh" },
  { "area": "Ponnur", "city": "Guntur", "state": "Andhra Pradesh" },
  { "area": "Repalle", "city": "Guntur", "state": "Andhra Pradesh" },
  { "area": "Tadepalli", "city": "Guntur", "state": "Andhra Pradesh" },
  { "area": "Phirangipuram", "city": "Guntur", "state": "Andhra Pradesh" },
  { "area": "Amalapuram", "city": "East Godavari", "state": "Andhra Pradesh" },
  { "area": "Kothapeta", "city": "East Godavari", "state": "Andhra Pradesh" },
  { "area": "Mandapeta", "city": "East Godavari", "state": "Andhra Pradesh" },
  { "area": "Ramachandrapuram", "city": "East Godavari", "state": "Andhra Pradesh" },
  { "area": "Mummidivaram", "city": "East Godavari", "state": "Andhra Pradesh" },
  { "area": "Gollaprolu", "city": "Kakinada", "state": "Andhra Pradesh" },
  { "area": "Samalkota", "city": "Kakinada", "state": "Andhra Pradesh" },
  { "area": "Peddapuram", "city": "Kakinada", "state": "Andhra Pradesh" },
  { "area": "Pithapuram", "city": "Kakinada", "state": "Andhra Pradesh" },
  { "area": "Tuni", "city": "Kakinada", "state": "Andhra Pradesh" },
  { "area": "Nellore City", "city": "Nellore", "state": "Andhra Pradesh" },
  { "area": "Atmakur", "city": "Nellore", "state": "Andhra Pradesh" },
  { "area": "Kovur", "city": "Nellore", "state": "Andhra Pradesh" },
  { "area": "Gudur", "city": "Nellore", "state": "Andhra Pradesh" },
  { "area": "Kavali", "city": "Nellore", "state": "Andhra Pradesh" },
  { "area": "Sullurpeta", "city": "Nellore", "state": "Andhra Pradesh" },
  { "area": "Venkatagiri", "city": "Nellore", "state": "Andhra Pradesh" },
  { "area": "Kurnool City", "city": "Kurnool", "state": "Andhra Pradesh" },
  { "area": "Nandyal", "city": "Nandyal", "state": "Andhra Pradesh" },
  { "area": "Adoni", "city": "Kurnool", "state": "Andhra Pradesh" },
  { "area": "Dhone", "city": "Kurnool", "state": "Andhra Pradesh" },
  { "area": "Yemmiganur", "city": "Kurnool", "state": "Andhra Pradesh" },
  { "area": "Allagadda", "city": "Kurnool", "state": "Andhra Pradesh" },
  { "area": "Kadapa City", "city": "Kadapa", "state": "Andhra Pradesh" },
  { "area": "Proddatur", "city": "Kadapa", "state": "Andhra Pradesh" },
  { "area": "Rayachoti", "city": "Kadapa", "state": "Andhra Pradesh" },
  { "area": "Pulivendula", "city": "Kadapa", "state": "Andhra Pradesh" },
  { "area": "Jammalamadugu", "city": "Kadapa", "state": "Andhra Pradesh" },
  { "area": "Rajahmundry City", "city": "Rajahmundry", "state": "Andhra Pradesh" },
  { "area": "Dowleswaram", "city": "Rajahmundry", "state": "Andhra Pradesh" },
  { "area": "Bommuru", "city": "Rajahmundry", "state": "Andhra Pradesh" },
  { "area": "Seethanagaram", "city": "Rajahmundry", "state": "Andhra Pradesh" },
  { "area": "Amaravati", "city": "Amaravati Capital Region", "state": "Andhra Pradesh" },
  { "area": "Tiruchanur", "city": "Tirupati", "state": "Andhra Pradesh" },
  { "area": "Chandragiri", "city": "Chittoor", "state": "Andhra Pradesh" },
  { "area": "Srikalahasti", "city": "Chittoor", "state": "Andhra Pradesh" },
  { "area": "Madanapalle", "city": "Annamayya District", "state": "Andhra Pradesh" },
  { "area": "Puttur", "city": "Chittoor", "state": "Andhra Pradesh" },
  { "area": "Nagari", "city": "Chittoor", "state": "Andhra Pradesh" },
  { "area": "Pileru", "city": "Annamayya District", "state": "Andhra Pradesh" },
  { "area": "B. Kothakota", "city": "Annamayya District", "state": "Andhra Pradesh" },
  { "area": "Ongole City", "city": "Ongole", "state": "Andhra Pradesh" },
  { "area": "Chirala", "city": "Prakasam", "state": "Andhra Pradesh" },
  { "area": "Markapur", "city": "Prakasam", "state": "Andhra Pradesh" },
  { "area": "Kandukur", "city": "Prakasam", "state": "Andhra Pradesh" },
  { "area": "Darsi", "city": "Prakasam", "state": "Andhra Pradesh" },
  { "area": "Anantapur City", "city": "Anantapur", "state": "Andhra Pradesh" },
  { "area": "Dharmavaram", "city": "Anantapur", "state": "Andhra Pradesh" },
  { "area": "Hindupur", "city": "Anantapur", "state": "Andhra Pradesh" },
  { "area": "Guntakal", "city": "Anantapur", "state": "Andhra Pradesh" },
  { "area": "Tadipatri", "city": "Anantapur", "state": "Andhra Pradesh" },
  { "area": "Kadiri", "city": "Anantapur", "state": "Andhra Pradesh" },
  { "area": "Rayadurg", "city": "Anantapur", "state": "Andhra Pradesh" },
  { "area": "Penukonda", "city": "Sri Sathya Sai District", "state": "Andhra Pradesh" },
  { "area": "Puttaparthi", "city": "Sri Sathya Sai District", "state": "Andhra Pradesh" },
  { "area": "Eluru City", "city": "Eluru", "state": "Andhra Pradesh" },
  { "area": "Jangareddygudem", "city": "Eluru", "state": "Andhra Pradesh" },
  { "area": "Kovvur", "city": "East Godavari", "state": "Andhra Pradesh" },
  { "area": "Nidadavolu", "city": "East Godavari", "state": "Andhra Pradesh" },
  { "area": "Palakol", "city": "West Godavari", "state": "Andhra Pradesh" },
  { "area": "Narsapur", "city": "West Godavari", "state": "Andhra Pradesh" },
  { "area": "Tanuku", "city": "West Godavari", "state": "Andhra Pradesh" },
  { "area": "Bhimavaram", "city": "West Godavari", "state": "Andhra Pradesh" },
  { "area": "Tadepalligudem", "city": "West Godavari", "state": "Andhra Pradesh" },
  { "area": "Vizianagaram City", "city": "Vizianagaram", "state": "Andhra Pradesh" },
  { "area": "Bobbili", "city": "Vizianagaram", "state": "Andhra Pradesh" },
  { "area": "Cheepurupalli", "city": "Vizianagaram", "state": "Andhra Pradesh" },
  { "area": "Salur", "city": "Vizianagaram", "state": "Andhra Pradesh" },
  { "area": "Parvathipuram", "city": "Parvathipuram Manyam District", "state": "Andhra Pradesh" },
  { "area": "Srikakulam City", "city": "Srikakulam", "state": "Andhra Pradesh" },
  { "area": "Amadalavalasa", "city": "Srikakulam", "state": "Andhra Pradesh" },
  { "area": "Palasa-Kasibugga", "city": "Srikakulam", "state": "Andhra Pradesh" },
  { "area": "Tekkali", "city": "Srikakulam", "state": "Andhra Pradesh" },
  { "area": "Narasannapeta", "city": "Srikakulam", "state": "Andhra Pradesh" },
  { "area": "Ichchapuram", "city": "Srikakulam", "state": "Andhra Pradesh" },
  { "area": "Paderu", "city": "Alluri Sitharama Raju District", "state": "Andhra Pradesh" },
  { "area": "Rampachodavaram", "city": "Alluri Sitharama Raju District", "state": "Andhra Pradesh" },
  { "area": "Araku Valley", "city": "Alluri Sitharama Raju District", "state": "Andhra Pradesh" },
  { "area": "Paderu", "city": "Visakhapatnam (Agency)", "state": "Andhra Pradesh" },
  { "area": "Kothavalasa", "city": "Vizianagaram", "state": "Andhra Pradesh" },
  { "area": "Anakapalle", "city": "Anakapalle", "state": "Andhra Pradesh" },
  { "area": "Narasipatnam", "city": "Anakapalle", "state": "Andhra Pradesh" },
  { "area": "Yelamanchili", "city": "Anakapalle", "state": "Andhra Pradesh" },
  { "area": "Gudivada", "city": "Krishna", "state": "Andhra Pradesh" },
  { "area": "Machilipatnam", "city": "Krishna", "state": "Andhra Pradesh" },
  { "area": "Nuzvid", "city": "Eluru", "state": "Andhra Pradesh" },
  { "area": "Kaikanigudem", "city": "Eluru", "state": "Andhra Pradesh" },
  { "area": "Denduluru", "city": "Eluru", "state": "Andhra Pradesh" },
  { "area": "Pedapadu", "city": "Eluru", "state": "Andhra Pradesh" },
  { "area": "Chintalapudi", "city": "Eluru", "state": "Andhra Pradesh" },
  { "area": "Jangareddygudem", "city": "Eluru", "state": "Andhra Pradesh" },
  { "area": "Tadepalligudem", "city": "Eluru", "state": "Andhra Pradesh" },
  { "area": "Kovvur", "city": "Kakinada", "state": "Andhra Pradesh" },
  { "area": "Pithapuram", "city": "Kakinada", "state": "Andhra Pradesh" },
  { "area": "Samalkota", "city": "Kakinada", "state": "Andhra Pradesh" },
  { "area": "Tuni", "city": "Kakinada", "state": "Andhra Pradesh" },
  { "area": "Peddapuram", "city": "Kakinada", "state": "Andhra Pradesh" },
  { "area": "Gollaprolu", "city": "Kakinada", "state": "Andhra Pradesh" },
  { "area": "Rajahmundry City", "city": "Rajahmundry", "state": "Andhra Pradesh" },
  { "area": "Dowleswaram", "city": "Rajahmundry", "state": "Andhra Pradesh" },
  { "area": "Bommuru", "city": "Rajahmundry", "state": "Andhra Pradesh" },
  { "area": "Seethanagaram", "city": "Rajahmundry", "state": "Andhra Pradesh" },
  { "area": "Amaravati", "city": "Amaravati Capital Region", "state": "Andhra Pradesh" },
  { "area": "Tiruchanur", "city": "Tirupati", "state": "Andhra Pradesh" },
  { "area": "Chandragiri", "city": "Chittoor", "state": "Andhra Pradesh" },
  { "area": "Srikalahasti", "city": "Chittoor", "state": "Andhra Pradesh" },
  { "area": "Madanapalle", "city": "Annamayya District", "state": "Andhra Pradesh" },
  { "area": "Puttur", "city": "Chittoor", "state": "Andhra Pradesh" },
  { "area": "Nagari", "city": "Chittoor", "state": "Andhra Pradesh" },
  { "area": "Pileru", "city": "Annamayya District", "state": "Andhra Pradesh" },
  { "area": "B. Kothakota", "city": "Annamayya District", "state": "Andhra Pradesh" },
  { "area": "Ongole City", "city": "Ongole", "state": "Andhra Pradesh" },
  { "area": "Chirala", "city": "Prakasam", "state": "Andhra Pradesh" },
  { "area": "Markapur", "city": "Prakasam", "state": "Andhra Pradesh" },
  { "area": "Kandukur", "city": "Prakasam", "state": "Andhra Pradesh" },
  { "area": "Darsi", "city": "Prakasam", "state": "Andhra Pradesh" },
  { "area": "Anantapur City", "city": "Anantapur", "state": "Andhra Pradesh" },
  { "area": "Dharmavaram", "city": "Anantapur", "state": "Andhra Pradesh" },
  { "area": "Hindupur", "city": "Anantapur", "state": "Andhra Pradesh" },
  { "area": "Guntakal", "city": "Anantapur", "state": "Andhra Pradesh" },
  { "area": "Tadipatri", "city": "Anantapur", "state": "Andhra Pradesh" },
  { "area": "Kadiri", "city": "Anantapur", "state": "Andhra Pradesh" },
  { "area": "Rayadurg", "city": "Anantapur", "state": "Andhra Pradesh" },
  { "area": "Penukonda", "city": "Sri Sathya Sai District", "state": "Andhra Pradesh" },
  { "area": "Puttaparthi", "city": "Sri Sathya Sai District", "state": "Andhra Pradesh" },
  { "area": "Eluru City", "city": "Eluru", "state": "Andhra Pradesh" },
  { "area": "Jangareddygudem", "city": "Eluru", "state": "Andhra Pradesh" },
  { "area": "Kovvur", "city": "East Godavari", "state": "Andhra Pradesh" },
  { "area": "Nidadavolu", "city": "East Godavari", "state": "Andhra Pradesh" },
  { "area": "Palakol", "city": "West Godavari", "state": "Andhra Pradesh" },
  { "area": "Narsapur", "city": "West Godavari", "state": "Andhra Pradesh" },
  { "area": "Tanuku", "city": "West Godavari", "state": "Andhra Pradesh" },
  { "area": "Bhimavaram", "city": "West Godavari", "state": "Andhra Pradesh" },
  { "area": "Tadepalligudem", "city": "West Godavari", "state": "Andhra Pradesh" },
  { "area": "Ghanpur", "city": "Jangaon", "state": "Telangana" },
  { "area": "Thorrur", "city": "Mahabubabad", "state": "Telangana" },
  { "area": "Nellikuduru", "city": "Mahabubabad", "state": "Telangana" },
  { "area": "Maripeda", "city": "Mahabubabad", "state": "Telangana" },
  { "area": "Dornakal", "city": "Mahabubabad", "state": "Telangana" },
  { "area": "Kesamudram", "city": "Mahabubabad", "state": "Telangana" },
  { "area": "Chityal", "city": "Jayashankar Bhupalpally", "state": "Telangana" },
  { "area": "Bhupalpally", "city": "Jayashankar Bhupalpally", "state": "Telangana" },
  { "area": "Ghanpur (Mulugu)", "city": "Mulugu", "state": "Telangana" },
  { "area": "Kataram", "city": "Jayashankar Bhupalpally", "state": "Telangana" },
  { "area": "Eturnagaram", "city": "Mulugu", "state": "Telangana" },
  { "area": "Tadvai", "city": "Nagarkurnool", "state": "Telangana" },
  { "area": "Lingal", "city": "Nagarkurnool", "state": "Telangana" },
  { "area": "Velgatoor", "city": "Peddapalli", "state": "Telangana" },
  { "area": "Kalwa Srirampur", "city": "Peddapalli", "state": "Telangana" },
  { "area": "Odela", "city": "Peddapalli", "state": "Telangana" },
  { "area": "Palakurthi", "city": "Jangaon", "state": "Telangana" },
  { "area": "Aler", "city": "Yadadri Bhuvanagiri", "state": "Telangana" },
  { "area": "Valigonda", "city": "Yadadri Bhuvanagiri", "state": "Telangana" },
  { "area": "Chityala (Nalgonda)", "city": "Nalgonda", "state": "Telangana" },
  { "area": "Thipparthy", "city": "Nalgonda", "state": "Telangana" },
  { "area": "Kattangur", "city": "Nalgonda", "state": "Telangana" },
  { "area": "Choutuppal", "city": "Yadadri Bhuvanagiri", "state": "Telangana" },
  { "area": "Gundrampally", "city": "Nalgonda", "state": "Telangana" },
  { "area": "Karepally", "city": "Khammam", "state": "Telangana" },
  { "area": "Mudigonda", "city": "Khammam", "state": "Telangana" },
  { "area": "Penuballi", "city": "Khammam", "state": "Telangana" },
  { "area": "Dummugudem", "city": "Bhadradri Kothagudem", "state": "Telangana" },
  { "area": "Cherla", "city": "Bhadradri Kothagudem", "state": "Telangana" },
  { "area": "Julurupadu", "city": "Bhadradri Kothagudem", "state": "Telangana" },
  { "area": "Tirumalayapalem", "city": "Khammam", "state": "Telangana" },
  { "area": "Konijerla", "city": "Khammam", "state": "Telangana" },
  { "area": "Komarada", "city": "Vizianagaram", "state": "Andhra Pradesh" },
  { "area": "Makkuva", "city": "Parvathipuram Manyam", "state": "Andhra Pradesh" },
  { "area": "Seethampeta", "city": "Srikakulam", "state": "Andhra Pradesh" },
  { "area": "Kalyanapuvalasa", "city": "Srikakulam", "state": "Andhra Pradesh" },
  { "area": "Regidi", "city": "Srikakulam", "state": "Andhra Pradesh" },
  { "area": "Kaviti", "city": "Srikakulam", "state": "Andhra Pradesh" },
  { "area": "Meliaputti", "city": "Srikakulam", "state": "Andhra Pradesh" },
  { "area": "Kotabommali", "city": "Srikakulam", "state": "Andhra Pradesh" },
  { "area": "Polaki", "city": "Srikakulam", "state": "Andhra Pradesh" },
  { "area": "Vajrapukotturu", "city": "Srikakulam", "state": "Andhra Pradesh" },
  { "area": "Jaladam", "city": "Srikakulam", "state": "Andhra Pradesh" },
  { "area": "Santha Bommali", "city": "Srikakulam", "state": "Andhra Pradesh" },
  { "area": "Etcherla", "city": "Srikakulam", "state": "Andhra Pradesh" },
  { "area": "Pachipenta", "city": "Vizianagaram", "state": "Andhra Pradesh" },
  { "area": "Bondapalli", "city": "Vizianagaram", "state": "Andhra Pradesh" },
  { "area": "Badangi", "city": "Vizianagaram", "state": "Andhra Pradesh" },
  { "area": "Ramabhadrapuram", "city": "Vizianagaram", "state": "Andhra Pradesh" },
  { "area": "Lakkavarapukota", "city": "Vizianagaram", "state": "Andhra Pradesh" },
  { "area": "Mentada", "city": "Vizianagaram", "state": "Andhra Pradesh" },
  { "area": "Pusapatirega", "city": "Vizianagaram", "state": "Andhra Pradesh" },
  { "area": "Padmanabham", "city": "Visakhapatnam", "state": "Andhra Pradesh" },
  { "area": "Anandapuram", "city": "Visakhapatnam", "state": "Andhra Pradesh" },
  { "area": "Kottavalasa", "city": "Vizianagaram", "state": "Andhra Pradesh" },
  { "area": "Kasimkota", "city": "Anakapalle", "state": "Andhra Pradesh" },
  { "area": "Kotauratla", "city": "Anakapalle", "state": "Andhra Pradesh" },
  { "area": "Rambilli", "city": "Anakapalle", "state": "Andhra Pradesh" },
  { "area": "Nakkapalle", "city": "Anakapalle", "state": "Andhra Pradesh" },
  { "area": "Chodavaram", "city": "Anakapalle", "state": "Andhra Pradesh" },
  { "area": "Payakaraopeta", "city": "Anakapalle", "state": "Andhra Pradesh" },
  { "area": "Makavarapalem", "city": "Anakapalle", "state": "Andhra Pradesh" },
  { "area": "Sarvasiddhi", "city": "Anakapalle", "state": "Andhra Pradesh" },
  { "area": "Kondakarla", "city": "Anakapalle", "state": "Andhra Pradesh" },
  { "area": "Ganapavaram (East Godavari)", "city": "East Godavari", "state": "Andhra Pradesh" },
  { "area": "Mummidivaram", "city": "Konaseema", "state": "Andhra Pradesh" },
  { "area": "Ainavilli", "city": "Konaseema", "state": "Andhra Pradesh" },
  { "area": "Kapileswarapuram", "city": "Konaseema", "state": "Andhra Pradesh" },
  { "area": "Ravulapalem", "city": "Konaseema", "state": "Andhra Pradesh" },
  { "area": "Pedapudi", "city": "East Godavari", "state": "Andhra Pradesh" },
  { "area": "Korukonda", "city": "East Godavari", "state": "Andhra Pradesh" },
  { "area": "Gokavaram", "city": "East Godavari", "state": "Andhra Pradesh" },
  { "area": "Alamuru", "city": "East Godavari", "state": "Andhra Pradesh" },
  { "area": "Rangampeta", "city": "East Godavari", "state": "Andhra Pradesh" },
  { "area": "Gangavaram", "city": "Kakinada", "state": "Andhra Pradesh" },
  { "area": "Rowthulapudi", "city": "Kakinada", "state": "Andhra Pradesh" },
  { "area": "Tallarevu", "city": "Kakinada", "state": "Andhra Pradesh" },
  { "area": "Thondangi", "city": "Kakinada", "state": "Andhra Pradesh" },
  { "area": "Kotananduru", "city": "Kakinada", "state": "Andhra Pradesh" },
  { "area": "Gandepalle", "city": "Kakinada", "state": "Andhra Pradesh" },
  { "area": "Ramachandrapuram", "city": "Konaseema", "state": "Andhra Pradesh" },
  { "area": "Anaparthi", "city": "East Godavari", "state": "Andhra Pradesh" },
  { "area": "Komaragiripatnam", "city": "Kakinada", "state": "Andhra Pradesh" },
  { "area": "Chinturu", "city": "Alluri Sitharama Raju", "state": "Andhra Pradesh" },
  { "area": "Kunavaram", "city": "Alluri Sitharama Raju", "state": "Andhra Pradesh" },
  { "area": "Yetapaka", "city": "Alluri Sitharama Raju", "state": "Andhra Pradesh" },
  { "area": "Paderu", "city": "Alluri Sitharama Raju", "state": "Andhra Pradesh" },
  { "area": "Maredumilli", "city": "Alluri Sitharama Raju", "state": "Andhra Pradesh" },
  { "area": "Seethagudem", "city": "Eluru", "state": "Andhra Pradesh" },
  { "area": "Buttayagudem", "city": "Eluru", "state": "Andhra Pradesh" },
  { "area": "Kamavarapukota", "city": "Eluru", "state": "Andhra Pradesh" },
  { "area": "Nallajerla", "city": "East Godavari", "state": "Andhra Pradesh" },
  { "area": "Undrajavaram", "city": "East Godavari", "state": "Andhra Pradesh" },
  { "area": "Unguturu", "city": "Eluru", "state": "Andhra Pradesh" },
  { "area": "Dwaraka Tirumala", "city": "Eluru", "state": "Andhra Pradesh" },
  { "area": "Velerupadu", "city": "Eluru", "state": "Andhra Pradesh" },
  { "area": "Chintalapudi", "city": "Eluru", "state": "Andhra Pradesh" },
  { "area": "Ganapavaram (West Godavari)", "city": "West Godavari", "state": "Andhra Pradesh" },
  { "area": "Akividu", "city": "West Godavari", "state": "Andhra Pradesh" },
  { "area": "Kalla", "city": "West Godavari", "state": "Andhra Pradesh" },
  { "area": "Mogalthur", "city": "West Godavari", "state": "Andhra Pradesh" },
  { "area": "Penugonda", "city": "West Godavari", "state": "Andhra Pradesh" },
  { "area": "Veeravasaram", "city": "West Godavari", "state": "Andhra Pradesh" },
  { "area": "Attili", "city": "West Godavari", "state": "Andhra Pradesh" },
  { "area": "Kovvuru", "city": "West Godavari", "state": "Andhra Pradesh" },
  { "area": "Nidadavole", "city": "West Godavari", "state": "Andhra Pradesh" },
  { "area": "Tadepalli", "city": "Guntur", "state": "Andhra Pradesh" },
  { "area": "Duggirala", "city": "Guntur", "state": "Andhra Pradesh" },
  { "area": "Pittalavanipalem", "city": "Bapatla", "state": "Andhra Pradesh" },
  { "area": "Chebrolu", "city": "Guntur", "state": "Andhra Pradesh" },
  { "area": "Ponnur", "city": "Guntur", "state": "Andhra Pradesh" },
  { "area": "Bapatla", "city": "Bapatla", "state": "Andhra Pradesh" },
  { "area": "Nizampatnam", "city": "Bapatla", "state": "Andhra Pradesh" },
  { "area": "Karlapalem", "city": "Bapatla", "state": "Andhra Pradesh" },
  { "area": "Vatticherukuru", "city": "Bapatla", "state": "Andhra Pradesh" },
  { "area": "Pedanandipadu", "city": "Guntur", "state": "Andhra Pradesh" },
  { "area": "Phirangipuram", "city": "Guntur", "state": "Andhra Pradesh" },
  { "area": "Sattenapalle", "city": "Palnadu", "state": "Andhra Pradesh" },
  { "area": "Piduguralla", "city": "Palnadu", "state": "Andhra Pradesh" },
  { "area": "Karempudi", "city": "Palnadu", "state": "Andhra Pradesh" },
  { "area": "Macherla", "city": "Palnadu", "state": "Andhra Pradesh" },
  { "area": "Durgi", "city": "Palnadu", "state": "Andhra Pradesh" },
  { "area": "Gurazala", "city": "Palnadu", "state": "Andhra Pradesh" },
  { "area": "Krosuru", "city": "Palnadu", "state": "Andhra Pradesh" },
  { "area": "Nadendla", "city": "Palnadu", "state": "Andhra Pradesh" },
  { "area": "Phirangipuram", "city": "Palnadu", "state": "Andhra Pradesh" },
  { "area": "Epuripalem", "city": "Bapatla", "state": "Andhra Pradesh" },
  { "area": "Parchur", "city": "Bapatla", "state": "Andhra Pradesh" },
  { "area": "Addanki", "city": "Prakasam", "state": "Andhra Pradesh" },
  { "area": "Ongole", "city": "Prakasam", "state": "Andhra Pradesh" },
  { "area": "Vetapalem", "city": "Prakasam", "state": "Andhra Pradesh" },
  { "area": "Singarayakonda", "city": "Prakasam", "state": "Andhra Pradesh" },
  { "area": "Tangutur", "city": "Prakasam", "state": "Andhra Pradesh" },
  { "area": "Chimakurthi", "city": "Prakasam", "state": "Andhra Pradesh" },
  { "area": "Giddalur", "city": "Prakasam", "state": "Andhra Pradesh" },
  { "area": "Bestavaripeta", "city": "Prakasam", "state": "Andhra Pradesh" },
  { "area": "Komarolu", "city": "Prakasam", "state": "Andhra Pradesh" },
  { "area": "Ardaveedu", "city": "Prakasam", "state": "Andhra Pradesh" },
  { "area": "Cumbum", "city": "Prakasam", "state": "Andhra Pradesh" },
  { "area": "Maddipadu", "city": "Prakasam", "state": "Andhra Pradesh" },
  { "area": "Kanigiri", "city": "Prakasam", "state": "Andhra Pradesh" },
  { "area": "Darsi", "city": "Prakasam", "state": "Andhra Pradesh" },
  { "area": "Gudur", "city": "Nellore", "state": "Andhra Pradesh" },
  { "area": "Kavali", "city": "Nellore", "state": "Andhra Pradesh" },
  { "area": "Buchireddypalem", "city": "Nellore", "state": "Andhra Pradesh" },
  { "area": "Nellore Rural", "city": "Nellore", "state": "Andhra Pradesh" },
  { "area": "Allur", "city": "Nellore", "state": "Andhra Pradesh" },
  { "area": "Chillakur", "city": "Nellore", "state": "Andhra Pradesh" },
  { "area": "Dagadarthi", "city": "Nellore", "state": "Andhra Pradesh" },
  { "area": "Indukurpet", "city": "Nellore", "state": "Andhra Pradesh" },
  { "area": "Podalakur", "city": "Nellore", "state": "Andhra Pradesh" },
  { "area": "Rapur", "city": "Nellore", "state": "Andhra Pradesh" },
  { "area": "Venkatachalam", "city": "Nellore", "state": "Andhra Pradesh" },
  { "area": "Kota", "city": "Nellore", "state": "Andhra Pradesh" },
  { "area": "Naidupet", "city": "Tirupati", "state": "Andhra Pradesh" },
  { "area": "Satyavedu", "city": "Tirupati", "state": "Andhra Pradesh" },
  { "area": "Yerpedu", "city": "Tirupati", "state": "Andhra Pradesh" },
  { "area": "Kalahasti", "city": "Tirupati", "state": "Andhra Pradesh" },
  { "area": "Thottambedu", "city": "Tirupati", "state": "Andhra Pradesh" },
  { "area": "Pakala", "city": "Tirupati", "state": "Andhra Pradesh" },
  { "area": "Chinnagottigallu", "city": "Tirupati", "state": "Andhra Pradesh" },
  { "area": "Yadamarri", "city": "Chittoor", "state": "Andhra Pradesh" },
  { "area": "Ramakuppam", "city": "Chittoor", "state": "Andhra Pradesh" },
  { "area": "Palamaner", "city": "Chittoor", "state": "Andhra Pradesh" },
  { "area": "Vayalpadu", "city": "Annamayya", "state": "Andhra Pradesh" },
  { "area": "Punganur", "city": "Annamayya", "state": "Andhra Pradesh" },
  { "area": "Kalikiri", "city": "Annamayya", "state": "Andhra Pradesh" },
  { "area": "Gurramkonda", "city": "Annamayya", "state": "Andhra Pradesh" },
  { "area": "Tamballapalle", "city": "Annamayya", "state": "Andhra Pradesh" },
  { "area": "Thamballapalle", "city": "Annamayya", "state": "Andhra Pradesh" },
  { "area": "B. Kothakota", "city": "Annamayya", "state": "Andhra Pradesh" },
  { "area": "Kadiri", "city": "Sri Sathya Sai", "state": "Andhra Pradesh" },
  { "area": "Gorantla", "city": "Sri Sathya Sai", "state": "Andhra Pradesh" },
  { "area": "Roddam", "city": "Sri Sathya Sai", "state": "Andhra Pradesh" },
  { "area": "Puttaparthi", "city": "Sri Sathya Sai", "state": "Andhra Pradesh" },
  { "area": "Penukonda", "city": "Sri Sathya Sai", "state": "Andhra Pradesh" },
  { "area": "Dharmavaram", "city": "Anantapur", "state": "Andhra Pradesh" },
  { "area": "Tadipatri", "city": "Anantapur", "state": "Andhra Pradesh" },
  { "area": "Uravakonda", "city": "Anantapur", "state": "Andhra Pradesh" },
  { "area": "Kalyandurg", "city": "Anantapur", "state": "Andhra Pradesh" },
  { "area": "Gooty", "city": "Anantapur", "state": "Andhra Pradesh" },
  { "area": "Rayadurg", "city": "Anantapur", "state": "Andhra Pradesh" },
  { "area": "Gummagatta", "city": "Anantapur", "state": "Andhra Pradesh" },
  { "area": "Kundurpi", "city": "Anantapur", "state": "Andhra Pradesh" },
  { "area": "Brahmasamudram", "city": "Anantapur", "state": "Andhra Pradesh" },
  { "area": "Singanamala", "city": "Anantapur", "state": "Andhra Pradesh" },
  { "area": "Pamidi", "city": "Anantapur", "state": "Andhra Pradesh" },
  { "area": "Kanaganapalle", "city": "Anantapur", "state": "Andhra Pradesh" },
  { "area": "Garladinne", "city": "Anantapur", "state": "Andhra Pradesh" },
  { "area": "Nandyal Rural", "city": "Nandyal", "state": "Andhra Pradesh" },
  { "area": "Allagadda", "city": "Nandyal", "state": "Andhra Pradesh" },
  { "area": "Dhone", "city": "Kurnool", "state": "Andhra Pradesh" },
  { "area": "Yemmiganur", "city": "Kurnool", "state": "Andhra Pradesh" },
  { "area": "Kallur", "city": "Kurnool", "state": "Andhra Pradesh" },
  { "area": "Bethamcherla", "city": "Nandyal", "state": "Andhra Pradesh" },
  { "area": "Banaganapalle", "city": "Nandyal", "state": "Andhra Pradesh" },
  { "area": "Panyam", "city": "Nandyal", "state": "Andhra Pradesh" },
  { "area": "Nandikotkur", "city": "Nandyal", "state": "Andhra Pradesh" },
  { "area": "Jammalamadugu", "city": "Kadapa", "state": "Andhra Pradesh" },
  { "area": "Mydukur", "city": "Kadapa", "state": "Andhra Pradesh" },
  { "area": "Pulivendula", "city": "Kadapa", "state": "Andhra Pradesh" },
  { "area": "Badvel", "city": "Kadapa", "state": "Andhra Pradesh" },
  { "area": "Rajupalem", "city": "Kadapa", "state": "Andhra Pradesh" },
  { "area": "Lingala", "city": "Kadapa", "state": "Andhra Pradesh" },
  { "area": "Siddavatam", "city": "Kadapa", "state": "Andhra Pradesh" },
  { "area": "Gopavaram", "city": "Kadapa", "state": "Andhra Pradesh" },
  { "area": "Vempalle", "city": "Kadapa", "state": "Andhra Pradesh" },
  { "area": "Porumamilla", "city": "Kadapa", "state": "Andhra Pradesh" },
  { "area": "Simhadripuram", "city": "Kadapa", "state": "Andhra Pradesh" },
  { "area": "Nandalur", "city": "Kadapa", "state": "Andhra Pradesh" },
  { "area": "Koduru", "city": "Kadapa", "state": "Andhra Pradesh" },
  { "area": "Veerapanayanipalli", "city": "Kadapa", "state": "Andhra Pradesh" },
  { "area": "Vallur", "city": "Kadapa", "state": "Andhra Pradesh" },
  { "area": "Pendlimarri", "city": "Kadapa", "state": "Andhra Pradesh" },
  { "area": "Brahmamgarimattam", "city": "Kadapa", "state": "Andhra Pradesh" },
  { "area": "Tiruvuru", "city": "NTR", "state": "Andhra Pradesh" },
  { "area": "Mylavaram", "city": "NTR", "state": "Andhra Pradesh" },
  { "area": "Kanchikacherla", "city": "NTR", "state": "Andhra Pradesh" },
  { "area": "Avanigadda", "city": "Krishna", "state": "Andhra Pradesh" },
  { "area": "Kodali", "city": "Krishna", "state": "Andhra Pradesh" },
  { "area": "Nagayalanka", "city": "Krishna", "state": "Andhra Pradesh" },
  { "area": "Mandavalli", "city": "Krishna", "state": "Andhra Pradesh" },
  { "area": "Movva", "city": "Krishna", "state": "Andhra Pradesh" },
  { "area": "Ghantasala", "city": "Krishna", "state": "Andhra Pradesh" },
  { "area": "Pedana", "city": "Krishna", "state": "Andhra Pradesh" },
  { "area": "Kankipadu", "city": "Krishna", "state": "Andhra Pradesh" },
  { "area": "Penamaluru", "city": "Krishna", "state": "Andhra Pradesh" },
  { "area": "Gollapudi", "city": "Krishna", "state": "Andhra Pradesh" },
  { "area": "Poranki", "city": "Krishna", "state": "Andhra Pradesh" },
  { "area": "Kanuru", "city": "Krishna", "state": "Andhra Pradesh" },
  { "area": "Nunna", "city": "Krishna", "state": "Andhra Pradesh" },
  { "area": "Tadigadapa", "city": "Krishna", "state": "Andhra Pradesh" },
  { "area": "Vuyyuru", "city": "Krishna", "state": "Andhra Pradesh" },
  { "area": "Gannavaram", "city": "Krishna", "state": "Andhra Pradesh" },
  { "area": "Edupugallu", "city": "Krishna", "state": "Andhra Pradesh" },
  { "area": "Telaprolu", "city": "Krishna", "state": "Andhra Pradesh" },
  { "area": "Gosala", "city": "Krishna", "state": "Andhra Pradesh" },
  { "area": "Akunuru", "city": "Krishna", "state": "Andhra Pradesh" },
  { "area": "Gudavalli", "city": "Krishna", "state": "Andhra Pradesh" },
  { "area": "Vanukuru", "city": "Krishna", "state": "Andhra Pradesh" },
  { "area": "Kaikalur", "city": "Krishna", "state": "Andhra Pradesh" },
  { "area": "Challapalli", "city": "Krishna", "state": "Andhra Pradesh" },
  { "area": "Gudlavalleru", "city": "Krishna", "state": "Andhra Pradesh" },
  { "area": "Nandigama", "city": "NTR", "state": "Andhra Pradesh" },
  { "area": "Jaggayyapeta", "city": "NTR", "state": "Andhra Pradesh" },
  { "area": "Muppalla", "city": "Guntur", "state": "Andhra Pradesh" },
  { "area": "Prathipadu", "city": "Guntur", "state": "Andhra Pradesh" },
  { "area": "Mangalagiri", "city": "Guntur", "state": "Andhra Pradesh" },
  { "area": "Sankhavaram", "city": "East Godavari", "state": "Andhra Pradesh" },
  { "area": "Anakapalle", "city": "Anakapalle", "state": "Andhra Pradesh" },
  { "area": "Yelamanchili", "city": "Anakapalle", "state": "Andhra Pradesh" },
  { "area": "Narasipatnam", "city": "Anakapalle", "state": "Andhra Pradesh" }
]
